date,state,positive,negative,pending,hospitalized,death,total,dateChecked,totalTestResults,deathIncrease,hospitalizedIncrease,negativeIncrease,positiveIncrease,totalTestResultsIncrease,population,region,pos100k,death100k
2020-03-21,AK,14,758,,0,,772,2020-03-21T20:00:00Z,772,0,0,72,2,74,731545,w,1.91375786862052,
2020-03-21,AL,124,28,,,0,152,2020-03-21T20:00:00Z,152,0,0,0,43,43,4903185,s,2.52896841542793,0
2020-03-21,AR,118,567,154,,,839,2020-03-21T20:00:00Z,685,0,0,216,22,238,3017825,s,3.91010081764185,
2020-03-21,AS,,,,,0,0,2020-03-21T20:00:00Z,0,0,0,0,0,0,55641,i,,0
2020-03-21,AZ,104,240,122,,1,466,2020-03-21T20:00:00Z,344,1,0,29,39,68,7278717,w,1.42882323904062,0.0137386849907752
2020-03-21,CA,1279,11249,,,24,12528,2020-03-21T20:00:00Z,12528,4,0,825,216,1041,39512223,w,3.23697302477767,0.0607406978848039
2020-03-21,CO,363,3317,,44,4,3680,2020-03-21T20:00:00Z,3680,1,44,642,86,728,5758736,w,6.30346659405814,0.0694596869868666
2020-03-21,CT,194,2106,,,4,2300,2020-03-21T20:00:00Z,2300,1,0,1502,0,1502,3565287,ne,5.4413571754532,0.112192931452643
2020-03-21,DC,77,506,0,,1,583,2020-03-21T20:00:00Z,583,0,0,5,6,11,705749,s,10.9103944886922,0.14169343491808
2020-03-21,DE,45,36,,,0,81,2020-03-21T20:00:00Z,81,0,0,0,7,7,973764,s,4.62124292949832,0
2020-03-21,FL,658,6579,1002,158,12,8239,2020-03-21T20:00:00Z,7237,2,158,4709,138,4847,21477737,s,3.06363747726308,0.0558718080959833
2020-03-21,GA,507,2557,,,14,3064,2020-03-21T20:00:00Z,3064,1,0,591,87,678,10617423,s,4.77517002006984,0.131858738226781
2020-03-21,GU,15,108,,,,123,2020-03-21T20:00:00Z,123,0,0,22,1,23,165718,i,9.05152125900626,
2020-03-21,HI,37,124,9,,,170,2020-03-21T20:00:00Z,161,0,0,0,11,11,1415872,w,2.61323057451521,
2020-03-21,IA,68,1049,,,,1117,2020-03-21T20:00:00Z,1117,0,0,407,23,430,3155070,mw,2.15526121448969,
2020-03-21,ID,31,880,,,,911,2020-03-21T20:00:00Z,911,0,0,290,8,298,1787147,w,1.73460828907751,
2020-03-21,IL,759,5488,,,6,6247,2020-03-21T20:00:00Z,6247,1,0,1792,169,1961,12671821,mw,5.98966794117436,0.0473491536851728
2020-03-21,IN,126,707,,1,4,833,2020-03-21T20:00:00Z,833,2,1,232,47,279,6732219,mw,1.87159686872932,0.0594157736104545
2020-03-21,KS,55,417,,,2,472,2020-03-21T20:00:00Z,472,1,0,0,11,11,2913314,mw,1.88788438184144,0.0686503411578704
2020-03-21,KY,54,714,,,2,768,2020-03-21T20:00:00Z,768,1,0,122,7,129,4467673,s,1.20868290942511,0.0447660336824114
2020-03-21,LA,585,2180,,,16,2765,2020-03-21T20:00:00Z,2765,4,0,1612,106,1718,4648794,s,12.5839088589428,0.344175285030913
2020-03-21,MA,525,4752,,61,5,5277,2020-03-21T20:00:00Z,5277,0,61,1074,112,1186,6949503,ne,7.5544970625957,0.07194759107234
2020-03-21,MD,190,94,,,2,284,2020-03-21T20:00:00Z,284,1,0,0,41,41,6045680,s,3.14273993992405,0.0330814730518321
2020-03-21,ME,73,2264,,,,2337,2020-03-21T20:00:00Z,2337,0,0,0,16,16,1344212,ne,5.43069099219468,
2020-03-21,MI,787,2069,,,5,2856,2020-03-21T20:00:00Z,2856,2,0,0,238,238,9986857,mw,7.88035715340672,0.050065801482889
2020-03-21,MN,138,3952,,,1,4090,2020-03-21T20:00:00Z,4090,1,0,211,23,234,5639632,mw,2.44696817097286,0.0177316534128468
2020-03-21,MO,73,369,,,3,442,2020-03-21T20:00:00Z,442,2,0,0,26,26,6137428,s,1.1894233219518,0.0488804104911699
2020-03-21,MP,0,,,,0,0,2020-03-21T20:00:00Z,0,0,0,0,0,0,55194,i,0,0
2020-03-21,MS,140,695,,,1,835,2020-03-21T20:00:00Z,835,0,0,0,60,60,2976149,s,4.70406555585759,0.0336004682561256
2020-03-21,MT,20,1146,,,,1166,2020-03-21T20:00:00Z,1166,0,0,215,4,219,1068778,w,1.87129600347313,
2020-03-21,NC,184,5092,,,0,5276,2020-03-21T20:00:00Z,5276,0,0,1996,47,2043,10488084,s,1.75437191387865,0
2020-03-21,ND,28,1141,,3,0,1169,2020-03-21T20:00:00Z,1169,0,3,341,8,349,762062,mw,3.67424172836331,0
2020-03-21,NE,38,356,,,0,394,2020-03-21T20:00:00Z,394,0,0,116,6,122,1934408,mw,1.96442529187224,0
2020-03-21,NH,55,973,942,,,1970,2020-03-21T20:00:00Z,1028,0,0,228,11,239,1359711,ne,4.04497720471483,
2020-03-21,NJ,1327,294,40,,16,1661,2020-03-21T20:00:00Z,1621,5,0,30,437,467,8882190,ne,14.9400091644065,0.180135754808217
2020-03-21,NM,57,3771,,,,3828,2020-03-21T20:00:00Z,3828,0,0,0,14,14,2096829,w,2.71839048391643,
2020-03-21,NV,124,2384,,,2,2508,2020-03-21T20:00:00Z,2508,1,0,392,15,407,3080156,w,4.02577012333142,0.0649317761827648
2020-03-21,NY,10356,35081,,1603,44,45437,2020-03-21T20:00:00Z,45437,9,1603,9756,3254,13010,19453561,ne,53.2344695143475,0.226179669624497
2020-03-21,OH,247,140,,58,3,387,2020-03-21T20:00:00Z,387,2,58,0,78,78,11689100,mw,2.11307970673533,0.025664935709336
2020-03-21,OK,53,560,144,10,1,757,2020-03-21T20:00:00Z,613,0,10,22,4,26,3956971,s,1.33940835047818,0.0252718556693997
2020-03-21,OR,114,2003,433,,3,2550,2020-03-21T20:00:00Z,2117,0,0,0,0,0,4217737,w,2.70287123165811,0.0711281903067925
2020-03-21,PA,371,3766,,,2,4137,2020-03-21T20:00:00Z,4137,1,0,1192,103,1295,12801989,ne,2.89798717996086,0.0156225723987109
2020-03-21,PR,21,143,71,,,235,2020-03-21T20:00:00Z,164,0,0,29,7,36,3193694,i,0.657545776145116,
2020-03-21,RI,66,862,290,,,1218,2020-03-21T20:00:00Z,928,0,0,208,12,220,1059361,ne,6.23017082939621,
2020-03-21,SC,152,1255,,,1,1407,2020-03-21T20:00:00Z,1407,0,0,422,71,493,5148714,s,2.95219349919223,0.0194223256525804
2020-03-21,SD,14,691,268,,1,973,2020-03-21T20:00:00Z,705,0,0,28,0,28,884659,mw,1.58253067000957,0.113037905000684
2020-03-21,TN,371,3272,,,,3643,2020-03-21T20:00:00Z,3643,0,0,2709,143,2852,6833174,s,5.42939489028086,
2020-03-21,TX,304,6218,,,5,6522,2020-03-21T20:00:00Z,6522,0,0,1135,110,1245,28995881,s,1.04842477453953,0.0172438285286107
2020-03-21,UT,136,2424,,,0,2560,2020-03-21T20:00:00Z,2560,0,0,389,24,413,3205958,w,4.24210173682874,0
2020-03-21,VA,152,2638,,25,2,2790,2020-03-21T20:00:00Z,2790,0,25,427,38,465,8535519,s,1.78079388025497,0.0234314984244075
2020-03-21,VI,6,,,,0,6,2020-03-21T20:00:00Z,6,0,0,0,3,3,104914,i,5.71896982290257,0
2020-03-21,VT,29,779,,,2,808,2020-03-21T20:00:00Z,808,0,0,0,0,0,623989,ne,4.64751782483345,0.320518470678169
2020-03-21,WA,1524,21719,,,83,23243,2020-03-21T20:00:00Z,23243,9,0,2383,148,2531,7614893,w,20.0134131891282,1.08996935347614
2020-03-21,WI,281,4628,,,4,4909,2020-03-21T20:00:00Z,4909,1,0,1173,75,1248,5822434,mw,4.82616033088567,0.0686997911869847
2020-03-21,WV,11,330,2,1,0,343,2020-03-21T20:00:00Z,341,0,1,111,4,115,1792065,s,0.613817021145996,0
2020-03-21,WY,23,438,,,,461,2020-03-21T20:00:00Z,461,0,0,107,4,111,578759,w,3.97402027441474,
2020-03-20,AK,12,686,,,,698,2020-03-20T20:00:00Z,698,0,0,286,6,292,731545,w,1.64036388738902,
2020-03-20,AL,81,28,,,0,109,2020-03-20T20:00:00Z,109,0,0,0,13,13,4903185,s,1.65198743265857,0
2020-03-20,AR,96,351,203,,,650,2020-03-20T20:00:00Z,447,0,0,41,50,91,3017825,s,3.18109897028489,
2020-03-20,AS,0,,,,0,0,2020-03-20T20:00:00Z,0,0,0,0,0,0,55641,i,0,0
2020-03-20,AZ,65,211,101,,0,377,2020-03-20T20:00:00Z,276,0,0,36,21,57,7278717,w,0.893014524400385,0
2020-03-20,CA,1063,10424,,,20,11487,2020-03-20T20:00:00Z,11487,2,0,1637,139,1776,39512223,w,2.69030674381444,0.0506172482373366
2020-03-20,CO,277,2675,,,3,2952,2020-03-20T20:00:00Z,2952,1,0,563,61,624,5758736,w,4.81008332384051,0.0520947652401499
2020-03-20,CT,194,604,,,3,798,2020-03-20T20:00:00Z,798,2,0,0,98,98,3565287,ne,5.4413571754532,0.0841446985894824
2020-03-20,DC,71,501,1,,1,573,2020-03-20T20:00:00Z,572,1,0,348,32,380,705749,s,10.0602338791837,0.14169343491808
2020-03-20,DE,38,36,,,0,74,2020-03-20T20:00:00Z,74,0,0,0,8,8,973764,s,3.90238291824302,0
2020-03-20,FL,520,1870,1026,,10,3416,2020-03-20T20:00:00Z,2390,2,0,337,130,467,21477737,s,2.42111168415928,0.0465598400799861
2020-03-20,GA,420,1966,,,13,2386,2020-03-20T20:00:00Z,2386,3,0,422,133,555,10617423,s,3.95576214680342,0.122440256924868
2020-03-20,GU,14,86,,,,100,2020-03-20T20:00:00Z,100,0,0,17,2,19,165718,i,8.44808650840585,
2020-03-20,HI,26,124,9,,,159,2020-03-20T20:00:00Z,150,0,0,31,10,41,1415872,w,1.83632418749718,
2020-03-20,IA,45,642,,,,687,2020-03-20T20:00:00Z,687,0,0,559,7,566,3155070,mw,1.42627580370642,
2020-03-20,ID,23,590,,,,613,2020-03-20T20:00:00Z,613,0,0,133,12,145,1787147,w,1.28696744028331,
2020-03-20,IL,590,3696,,,5,4286,2020-03-20T20:00:00Z,4286,1,0,971,164,1135,12671821,mw,4.65600011237533,0.0394576280709773
2020-03-20,IN,79,475,,,2,554,2020-03-20T20:00:00Z,554,0,0,151,23,174,6732219,mw,1.17346152880648,0.0297078868052272
2020-03-20,KS,44,417,,,1,461,2020-03-20T20:00:00Z,461,0,0,0,10,10,2913314,mw,1.51030750547315,0.0343251705789352
2020-03-20,KY,47,592,,,1,639,2020-03-20T20:00:00Z,639,0,0,138,12,150,4467673,s,1.05200179153667,0.0223830168412057
2020-03-20,LA,479,568,,,12,1047,2020-03-20T20:00:00Z,1047,4,0,110,132,242,4648794,s,10.303747595613,0.258131463773185
2020-03-20,MA,413,3678,,,1,4091,2020-03-20T20:00:00Z,4091,1,0,874,85,959,6949503,ne,5.94287102257528,0.014389518214468
2020-03-20,MD,149,94,,,1,243,2020-03-20T20:00:00Z,243,0,0,0,42,42,6045680,s,2.46456974236149,0.016540736525916
2020-03-20,ME,57,2264,,,,2321,2020-03-20T20:00:00Z,2321,0,0,260,4,264,1344212,ne,4.24040255554927,
2020-03-20,MI,549,2069,,,3,2618,2020-03-20T20:00:00Z,2618,0,0,-44,213,169,9986857,mw,5.49722500282121,0.0300394808897334
2020-03-20,MN,115,3741,,,,3856,2020-03-20T20:00:00Z,3856,0,0,792,26,818,5639632,mw,2.03914014247738,
2020-03-20,MO,47,369,,,1,416,2020-03-20T20:00:00Z,416,0,0,61,23,84,6137428,s,0.765793097694995,0.0162934701637233
2020-03-20,MP,0,,,,0,0,2020-03-20T20:00:00Z,0,0,0,0,0,0,55194,i,0,0
2020-03-20,MS,80,695,,,1,775,2020-03-20T20:00:00Z,775,1,0,143,30,173,2976149,s,2.68803746049005,0.0336004682561256
2020-03-20,MT,16,931,,,,947,2020-03-20T20:00:00Z,947,0,0,170,4,174,1068778,w,1.4970368027785,
2020-03-20,NC,137,3096,,,0,3233,2020-03-20T20:00:00Z,3233,0,0,688,40,728,10488084,s,1.30624430544225,0
2020-03-20,ND,20,800,,,0,820,2020-03-20T20:00:00Z,820,0,0,307,5,312,762062,mw,2.62445837740236,0
2020-03-20,NE,32,240,,,0,272,2020-03-20T20:00:00Z,272,0,0,0,5,5,1934408,mw,1.6542528773661,0
2020-03-20,NH,44,745,631,,,1420,2020-03-20T20:00:00Z,789,0,0,124,5,129,1359711,ne,3.23598176377186,
2020-03-20,NJ,890,264,86,,11,1240,2020-03-20T20:00:00Z,1154,2,0,54,148,202,8882190,ne,10.0200513612071,0.123843331430649
2020-03-20,NM,43,3771,,,,3814,2020-03-20T20:00:00Z,3814,0,0,1009,8,1017,2096829,w,2.05071562821766,
2020-03-20,NV,109,1992,-3,,1,2098,2020-03-20T20:00:00Z,2101,0,0,366,14,380,3080156,w,3.53878180196068,0.0324658880913824
2020-03-20,NY,7102,25325,,,35,32427,2020-03-20T20:00:00Z,32427,23,0,7193,2950,10143,19453561,ne,36.5074548562086,0.179915646292214
2020-03-20,OH,169,140,,,1,309,2020-03-20T20:00:00Z,309,1,0,0,50,50,11689100,mw,1.4457913782926,0.00855497856977868
2020-03-20,OK,49,538,374,,1,961,2020-03-20T20:00:00Z,587,0,0,72,5,77,3956971,s,1.23832092780058,0.0252718556693997
2020-03-20,OR,114,2003,433,,3,2550,2020-03-20T20:00:00Z,2117,0,0,674,26,700,4217737,w,2.70287123165811,0.0711281903067925
2020-03-20,PA,268,2574,,,1,2842,2020-03-20T20:00:00Z,2842,0,0,966,83,1049,12801989,ne,2.09342470142725,0.00781128619935543
2020-03-20,PR,14,114,52,,,180,2020-03-20T20:00:00Z,128,0,0,58,9,67,3193694,i,0.438363850763411,
2020-03-20,RI,54,654,140,,,848,2020-03-20T20:00:00Z,708,0,0,114,21,135,1059361,ne,5.09741249677872,
2020-03-20,SC,81,833,,,1,914,2020-03-20T20:00:00Z,914,0,0,250,21,271,5148714,s,1.57320837785902,0.0194223256525804
2020-03-20,SD,14,663,270,,1,947,2020-03-20T20:00:00Z,677,0,0,112,3,115,884659,mw,1.58253067000957,0.113037905000684
2020-03-20,TN,228,563,,,,791,2020-03-20T20:00:00Z,791,0,0,214,74,288,6833174,s,3.33666316707287,
2020-03-20,TX,194,5083,,,5,5277,2020-03-20T20:00:00Z,5277,2,0,2871,51,2922,28995881,s,0.669060546910094,0.0172438285286107
2020-03-20,UT,112,2035,,,0,2147,2020-03-20T20:00:00Z,2147,0,0,587,34,621,3205958,w,3.49349554797661,0
2020-03-20,VA,114,2211,,,2,2325,2020-03-20T20:00:00Z,2325,0,0,382,20,402,8535519,s,1.33559541019123,0.0234314984244075
2020-03-20,VI,3,,,,0,3,2020-03-20T20:00:00Z,3,0,0,0,0,0,104914,i,2.85948491145128,0
2020-03-20,VT,29,779,,,2,808,2020-03-20T20:00:00Z,808,2,0,134,7,141,623989,ne,4.64751782483345,0.320518470678169
2020-03-20,WA,1376,19336,,,74,20712,2020-03-20T20:00:00Z,20712,8,0,3418,189,3607,7614893,w,18.0698533781105,0.97177990550885
2020-03-20,WI,206,3455,,,3,3661,2020-03-20T20:00:00Z,3661,3,0,1263,51,1314,5822434,mw,3.53803924612971,0.0515248433902385
2020-03-20,WV,7,219,13,,0,239,2020-03-20T20:00:00Z,226,0,0,76,5,81,1792065,s,0.390610831638361,0
2020-03-20,WY,19,331,,,,350,2020-03-20T20:00:00Z,350,0,0,60,1,61,578759,w,3.28288631364696,
2020-03-19,AK,6,400,,,,406,2020-03-19T20:00:00Z,406,0,0,-6,0,-6,731545,w,0.82018194369451,
2020-03-19,AL,68,28,,,0,96,2020-03-19T20:00:00Z,96,0,0,0,22,22,4903185,s,1.38685364717016,0
2020-03-19,AR,46,310,113,,,469,2020-03-19T20:00:00Z,356,0,0,74,13,87,3017825,s,1.52427658992818,
2020-03-19,AS,0,,,,0,0,2020-03-19T20:00:00Z,0,0,0,0,0,0,55641,i,0,0
2020-03-19,AZ,44,175,130,,0,349,2020-03-19T20:00:00Z,219,0,0,27,16,43,7278717,w,0.604502139594107,0
2020-03-19,CA,924,8787,,,18,9711,2020-03-19T20:00:00Z,9711,5,0,806,313,1119,39512223,w,2.33851686856495,0.0455555234136029
2020-03-19,CO,216,2112,,,2,2328,2020-03-19T20:00:00Z,2328,0,0,495,33,528,5758736,w,3.75082309729079,0.0347298434934333
2020-03-19,CT,96,604,,,1,700,2020-03-19T20:00:00Z,700,1,0,479,28,507,3565287,ne,2.69263035486344,0.0280482328631608
2020-03-19,DC,39,153,11,,0,203,2020-03-19T20:00:00Z,192,0,0,15,8,23,705749,s,5.52604396180512,0
2020-03-19,DE,30,36,,,0,66,2020-03-19T20:00:00Z,66,0,0,0,5,5,973764,s,3.08082861966555,0
2020-03-19,FL,390,1533,1019,,8,2942,2020-03-19T20:00:00Z,1923,1,0,308,76,384,21477737,s,1.81583376311946,0.0372478720639889
2020-03-19,GA,287,1544,,,10,1831,2020-03-19T20:00:00Z,1831,9,0,233,90,323,10617423,s,2.703104133649,0.094184813019129
2020-03-19,GU,12,69,,,,81,2020-03-19T20:00:00Z,81,0,0,12,4,16,165718,i,7.24121700720501,
2020-03-19,HI,16,93,9,,,118,2020-03-19T20:00:00Z,109,0,0,0,2,2,1415872,w,1.13004565384442,
2020-03-19,IA,38,83,,,,121,2020-03-19T20:00:00Z,121,0,0,0,9,9,3155070,mw,1.20441067868542,
2020-03-19,ID,11,457,,,,468,2020-03-19T20:00:00Z,468,0,0,-2,2,0,1787147,w,0.615506167092019,
2020-03-19,IL,426,2725,,,4,3151,2020-03-19T20:00:00Z,3151,3,0,962,137,1099,12671821,mw,3.36178991164727,0.0315661024567819
2020-03-19,IN,56,324,,,2,380,2020-03-19T20:00:00Z,380,0,0,170,17,187,6732219,mw,0.831820830546362,0.0297078868052272
2020-03-19,KS,34,417,,,1,451,2020-03-19T20:00:00Z,451,0,0,0,18,18,2913314,mw,1.1670557996838,0.0343251705789352
2020-03-19,KY,35,454,,,1,489,2020-03-19T20:00:00Z,489,0,0,100,9,109,4467673,s,0.7834055894422,0.0223830168412057
2020-03-19,LA,347,458,,,8,805,2020-03-19T20:00:00Z,805,2,0,123,107,230,4648794,s,7.46430149410793,0.172087642515457
2020-03-19,MA,328,2804,,,,3132,2020-03-19T20:00:00Z,3132,0,0,789,72,861,6949503,ne,4.7197619743455,
2020-03-19,MD,107,94,,,1,201,2020-03-19T20:00:00Z,201,1,0,0,22,22,6045680,s,1.76985880827302,0.016540736525916
2020-03-19,ME,53,2004,,,,2057,2020-03-19T20:00:00Z,2057,0,0,334,10,344,1344212,ne,3.94283044638792,
2020-03-19,MI,336,2113,,,3,2449,2020-03-19T20:00:00Z,2449,3,0,1841,256,2097,9986857,mw,3.36442185965014,0.0300394808897334
2020-03-19,MN,89,2949,,,,3038,2020-03-19T20:00:00Z,3038,0,0,264,12,276,5639632,mw,1.57811715374336,
2020-03-19,MO,24,308,,,1,332,2020-03-19T20:00:00Z,332,1,0,55,11,66,6137428,s,0.391043283929359,0.0162934701637233
2020-03-19,MP,0,,,,0,0,2020-03-19T20:00:00Z,0,0,0,0,0,0,55194,i,0,0
2020-03-19,MS,50,552,,,,602,2020-03-19T20:00:00Z,602,0,0,73,16,89,2976149,s,1.68002341280628,
2020-03-19,MT,12,761,0,,,773,2020-03-19T20:00:00Z,773,0,0,262,2,264,1068778,w,1.12277760208388,
2020-03-19,NC,97,2408,,,0,2505,2020-03-19T20:00:00Z,2505,0,0,621,34,655,10488084,s,0.924859106772982,0
2020-03-19,ND,15,493,,,0,508,2020-03-19T20:00:00Z,508,0,0,225,9,234,762062,mw,1.96834378305177,0
2020-03-19,NE,27,240,,,0,267,2020-03-19T20:00:00Z,267,0,0,34,3,37,1934408,mw,1.39577586527765,0
2020-03-19,NH,39,621,231,,,891,2020-03-19T20:00:00Z,660,0,0,108,13,121,1359711,ne,2.86825656334324,
2020-03-19,NJ,742,210,74,,9,1026,2020-03-19T20:00:00Z,952,4,0,20,315,335,8882190,ne,8.35379562923108,0.101326362079622
2020-03-19,NM,35,2762,,,,2797,2020-03-19T20:00:00Z,2797,0,0,436,7,443,2096829,w,1.66918713924693,
2020-03-19,NV,95,1626,,,1,1721,2020-03-19T20:00:00Z,1721,0,0,1458,40,1498,3080156,w,3.08425936868133,0.0324658880913824
2020-03-19,NY,4152,18132,,,12,22284,2020-03-19T20:00:00Z,22284,0,0,5917,1770,7687,19453561,ne,21.3431360972934,0.0616853644430446
2020-03-19,OH,119,140,,,,259,2020-03-19T20:00:00Z,259,0,0,0,31,31,11689100,mw,1.01804244980366,
2020-03-19,OK,44,466,250,,1,760,2020-03-19T20:00:00Z,510,1,0,88,15,103,3956971,s,1.11196164945358,0.0252718556693997
2020-03-19,OR,88,1329,437,,3,1854,2020-03-19T20:00:00Z,1417,0,0,211,13,224,4217737,w,2.08642691566591,0.0711281903067925
2020-03-19,PA,185,1608,,,1,1793,2020-03-19T20:00:00Z,1793,1,0,421,52,473,12801989,ne,1.44508794688075,0.00781128619935543
2020-03-19,PR,5,56,29,,,90,2020-03-19T20:00:00Z,61,0,0,25,0,25,3193694,i,0.15655851812979,
2020-03-19,RI,33,540,334,,,907,2020-03-19T20:00:00Z,573,0,0,0,0,0,1059361,ne,3.11508541469811,
2020-03-19,SC,60,583,,,1,643,2020-03-19T20:00:00Z,643,0,0,0,0,0,5148714,s,1.16533953915483,0.0194223256525804
2020-03-19,SD,11,551,385,,1,947,2020-03-19T20:00:00Z,562,0,0,0,0,0,884659,mw,1.24341695500752,0.113037905000684
2020-03-19,TN,154,349,,,,503,2020-03-19T20:00:00Z,503,0,0,0,56,56,6833174,s,2.25371108653168,
2020-03-19,TX,143,2212,,,3,2355,2020-03-19T20:00:00Z,2355,1,0,388,60,448,28995881,s,0.493173495918265,0.0103462971171664
2020-03-19,UT,78,1448,,,0,1526,2020-03-19T20:00:00Z,1526,0,0,1317,15,1332,3205958,w,2.43297011376943,0
2020-03-19,VA,94,1829,,,2,1923,2020-03-19T20:00:00Z,1923,1,0,628,17,645,8535519,s,1.10128042594715,0.0234314984244075
2020-03-19,VI,3,,,,0,3,2020-03-19T20:00:00Z,3,0,0,0,1,1,104914,i,2.85948491145128,0
2020-03-19,VT,22,645,,,,667,2020-03-19T20:00:00Z,667,0,0,53,3,56,623989,ne,3.52570317745986,
2020-03-19,WA,1187,15918,,,66,17105,2020-03-19T20:00:00Z,17105,14,0,2801,175,2976,7614893,w,15.5878749707974,0.866722618426812
2020-03-19,WI,155,2192,,,,2347,2020-03-19T20:00:00Z,2347,0,0,615,49,664,5822434,mw,2.66211690849566,
2020-03-19,WV,2,143,3,,0,148,2020-03-19T20:00:00Z,145,0,0,21,1,22,1792065,s,0.111603094753818,0
2020-03-19,WY,18,271,,,,289,2020-03-19T20:00:00Z,289,0,0,93,3,96,578759,w,3.11010282345501,
2020-03-18,AK,6,406,,,,412,2020-03-18T20:00:00Z,412,0,0,72,3,75,731545,w,0.82018194369451,
2020-03-18,AL,46,28,,,0,74,2020-03-18T20:00:00Z,74,0,0,0,10,10,4903185,s,0.938165702497458,0
2020-03-18,AR,33,236,50,,,319,2020-03-18T20:00:00Z,269,0,0,39,11,50,3017825,s,1.09350277103543,
2020-03-18,AS,0,,,,0,0,2020-03-18T20:00:00Z,0,0,0,0,0,0,55641,i,0,0
2020-03-18,AZ,28,148,102,,0,278,2020-03-18T20:00:00Z,176,0,0,6,8,14,7278717,w,0.384683179741704,0
2020-03-18,CA,611,7981,,,13,8592,2020-03-18T20:00:00Z,8592,2,0,0,128,128,39512223,w,1.54635693365063,0.0329012113542688
2020-03-18,CO,183,1617,,,2,1800,2020-03-18T20:00:00Z,1800,1,0,561,23,584,5758736,w,3.17778067964915,0.0347298434934333
2020-03-18,CT,68,125,,,,193,2020-03-18T20:00:00Z,193,0,0,0,27,27,3565287,ne,1.90727983469493,
2020-03-18,DC,31,138,1,,,170,2020-03-18T20:00:00Z,169,0,0,34,9,43,705749,s,4.39249648246048,
2020-03-18,DE,25,36,,,,61,2020-03-18T20:00:00Z,61,0,0,0,9,9,973764,s,2.56735718305462,
2020-03-18,FL,314,1225,954,,7,2493,2020-03-18T20:00:00Z,1539,1,0,285,128,413,21477737,s,1.46197897851156,0.0325918880559903
2020-03-18,GA,197,1311,,,1,1508,2020-03-18T20:00:00Z,1508,0,0,1311,51,1362,10617423,s,1.85544081647684,0.0094184813019129
2020-03-18,GU,8,57,,,,65,2020-03-18T20:00:00Z,65,0,0,16,3,19,165718,i,4.82747800480334,
2020-03-18,HI,14,93,12,,,119,2020-03-18T20:00:00Z,107,0,0,93,4,97,1415872,w,0.988789947113863,
2020-03-18,IA,29,83,,,,112,2020-03-18T20:00:00Z,112,0,0,0,6,6,3155070,mw,0.919155517944134,
2020-03-18,ID,9,459,,,,468,2020-03-18T20:00:00Z,468,0,0,113,2,115,1787147,w,0.50359595489347,
2020-03-18,IL,289,1763,,,1,2052,2020-03-18T20:00:00Z,2052,0,0,423,129,552,12671821,mw,2.28065090250249,0.00789152561419547
2020-03-18,IN,39,154,,,2,193,2020-03-18T20:00:00Z,193,0,0,25,9,34,6732219,mw,0.579303792701931,0.0297078868052272
2020-03-18,KS,16,417,,,1,433,2020-03-18T20:00:00Z,433,0,0,35,1,36,2913314,mw,0.549202729262963,0.0343251705789352
2020-03-18,KY,26,354,,,1,380,2020-03-18T20:00:00Z,380,0,0,59,4,63,4467673,s,0.581958437871348,0.0223830168412057
2020-03-18,LA,240,335,,,6,575,2020-03-18T20:00:00Z,575,2,0,49,69,118,4648794,s,5.1626292754637,0.129065731886593
2020-03-18,MA,256,2015,,,,2271,2020-03-18T20:00:00Z,2271,0,0,474,38,512,6949503,ne,3.68371666290381,
2020-03-18,MD,85,94,,,,179,2020-03-18T20:00:00Z,179,0,0,0,28,28,6045680,s,1.40596260470286,
2020-03-18,ME,43,1670,,,,1713,2020-03-18T20:00:00Z,1713,0,0,367,11,378,1344212,ne,3.19890017348454,
2020-03-18,MI,80,272,,,,352,2020-03-18T20:00:00Z,352,0,0,0,15,15,9986857,mw,0.801052823726223,
2020-03-18,MN,77,2685,,,,2762,2020-03-18T20:00:00Z,2762,0,0,409,17,426,5639632,mw,1.3653373127892,
2020-03-18,MO,13,253,,,0,266,2020-03-18T20:00:00Z,266,0,0,46,5,51,6137428,s,0.211815112128403,0
2020-03-18,MP,0,,,,0,0,2020-03-18T20:00:00Z,0,0,0,0,0,0,55194,i,0,0
2020-03-18,MS,34,479,,,,513,2020-03-18T20:00:00Z,513,0,0,111,13,124,2976149,s,1.14241592070827,
2020-03-18,MT,10,499,0,,,509,2020-03-18T20:00:00Z,509,0,0,196,2,198,1068778,w,0.935648001736563,
2020-03-18,NC,63,1787,,,0,1850,2020-03-18T20:00:00Z,1850,0,0,1313,23,1336,10488084,s,0.600681687904102,0
2020-03-18,ND,6,268,,,0,274,2020-03-18T20:00:00Z,274,0,0,48,3,51,762062,mw,0.787337513220709,0
2020-03-18,NE,24,206,,,,230,2020-03-18T20:00:00Z,230,0,0,0,3,3,1934408,mw,1.24068965802457,
2020-03-18,NH,26,513,208,,,747,2020-03-18T20:00:00Z,539,0,0,158,9,167,1359711,ne,1.91217104222883,
2020-03-18,NJ,427,190,21,,5,638,2020-03-18T20:00:00Z,617,2,0,27,160,187,8882190,ne,4.8073729564443,0.0562924233775679
2020-03-18,NM,28,2326,,,,2354,2020-03-18T20:00:00Z,2354,0,0,1077,5,1082,2096829,w,1.33534971139754,
2020-03-18,NV,55,168,,,1,223,2020-03-18T20:00:00Z,223,0,0,0,0,0,3080156,w,1.78562384502603,0.0324658880913824
2020-03-18,NY,2382,12215,,,12,14597,2020-03-18T20:00:00Z,14597,5,0,6709,682,7391,19453561,ne,12.2445448419444,0.0616853644430446
2020-03-18,OH,88,140,,,,228,2020-03-18T20:00:00Z,228,0,0,0,21,21,11689100,mw,0.752838114140524,
2020-03-18,OK,29,378,110,,,517,2020-03-18T20:00:00Z,407,0,0,131,12,143,3956971,s,0.73288381441259,
2020-03-18,OR,75,1118,361,,3,1554,2020-03-18T20:00:00Z,1193,3,0,429,28,457,4217737,w,1.77820475766981,0.0711281903067925
2020-03-18,PA,133,1187,,,,1320,2020-03-18T20:00:00Z,1320,0,0,308,37,345,12801989,ne,1.03890106451427,
2020-03-18,PR,5,31,21,,,57,2020-03-18T20:00:00Z,36,0,0,18,0,18,3193694,i,0.15655851812979,
2020-03-18,RI,33,540,334,,,907,2020-03-18T20:00:00Z,573,0,0,232,12,244,1059361,ne,3.11508541469811,
2020-03-18,SC,60,583,,,1,643,2020-03-18T20:00:00Z,643,0,0,272,27,299,5148714,s,1.16533953915483,0.0194223256525804
2020-03-18,SD,11,551,350,,1,912,2020-03-18T20:00:00Z,562,1,0,0,0,0,884659,mw,1.24341695500752,0.113037905000684
2020-03-18,TN,98,349,,,,447,2020-03-18T20:00:00Z,447,0,0,19,25,44,6833174,s,1.43417978233834,
2020-03-18,TX,83,1824,,,2,1907,2020-03-18T20:00:00Z,1907,1,0,620,19,639,28995881,s,0.286247553574937,0.00689753141144427
2020-03-18,UT,63,131,,,0,194,2020-03-18T20:00:00Z,194,0,0,0,12,12,3205958,w,1.96509124573684,0
2020-03-18,VA,77,1201,,,1,1278,2020-03-18T20:00:00Z,1278,0,0,240,10,250,8535519,s,0.902112689339688,0.0117157492122037
2020-03-18,VI,2,,,,0,2,2020-03-18T20:00:00Z,2,0,0,0,0,0,104914,i,1.90632327430086,0
2020-03-18,VT,19,592,,,,611,2020-03-18T20:00:00Z,611,0,0,97,9,106,623989,ne,3.04492547144261,
2020-03-18,WA,1012,13117,,,52,14129,2020-03-18T20:00:00Z,14129,4,0,1535,108,1643,7614893,w,13.2897468158778,0.682872366033246
2020-03-18,WI,106,1577,,,,1683,2020-03-18T20:00:00Z,1683,0,0,539,34,573,5822434,mw,1.82054446645509,
2020-03-18,WV,1,122,14,,0,137,2020-03-18T20:00:00Z,123,0,0,42,1,43,1792065,s,0.0558015473769088,0
2020-03-18,WY,15,178,,,,193,2020-03-18T20:00:00Z,193,0,0,83,5,88,578759,w,2.59175235287918,
2020-03-17,AK,3,334,,,,337,2020-03-17T20:00:00Z,337,0,0,191,2,193,731545,w,0.410090971847255,
2020-03-17,AL,36,28,,,0,64,2020-03-17T20:00:00Z,64,0,0,0,8,8,4903185,s,0.734216636737141,0
2020-03-17,AR,22,197,41,,,260,2020-03-17T20:00:00Z,219,0,0,65,0,65,3017825,s,0.729001847356954,
2020-03-17,AS,0,,,,,0,2020-03-17T20:00:00Z,0,0,0,0,0,0,55641,i,0,
2020-03-17,AZ,20,142,66,,0,228,2020-03-17T20:00:00Z,162,0,0,17,2,19,7278717,w,0.274773699815503,0
2020-03-17,CA,483,7981,,,11,8464,2020-03-17T20:00:00Z,8464,5,0,0,148,148,39512223,w,1.22240654493168,0.0278394865305351
2020-03-17,CO,160,1056,,,1,1216,2020-03-17T20:00:00Z,1216,0,0,429,29,458,5758736,w,2.77838747947466,0.0173649217467166
2020-03-17,CT,41,125,,,,166,2020-03-17T20:00:00Z,166,0,0,0,15,15,3565287,ne,1.14997754738959,
2020-03-17,DC,22,104,0,,,126,2020-03-17T20:00:00Z,126,0,0,8,5,13,705749,s,3.11725556819776,
2020-03-17,DE,16,36,,,,52,2020-03-17T20:00:00Z,52,0,0,0,8,8,973764,s,1.64310859715496,
2020-03-17,FL,186,940,872,,6,1998,2020-03-17T20:00:00Z,1126,2,0,256,45,301,21477737,s,0.866013025487741,0.0279359040479916
2020-03-17,GA,146,,,,1,146,2020-03-17T20:00:00Z,146,0,0,0,25,25,10617423,s,1.37509827007928,0.0094184813019129
2020-03-17,GU,5,41,,,,46,2020-03-17T20:00:00Z,46,0,0,18,2,20,165718,i,3.01717375300209,
2020-03-17,HI,10,,,,,10,2020-03-17T20:00:00Z,10,0,0,0,3,3,1415872,w,0.70627853365276,
2020-03-17,IA,23,83,,,,106,2020-03-17T20:00:00Z,106,0,0,0,1,1,3155070,mw,0.728985410783279,
2020-03-17,ID,7,346,,,,353,2020-03-17T20:00:00Z,353,0,0,81,2,83,1787147,w,0.391685742694921,
2020-03-17,IL,160,1340,,,1,1500,2020-03-17T20:00:00Z,1500,1,0,408,67,475,12671821,mw,1.26264409827127,0.00789152561419547
2020-03-17,IN,30,129,,,2,159,2020-03-17T20:00:00Z,159,1,0,14,6,20,6732219,mw,0.445618302078408,0.0297078868052272
2020-03-17,KS,15,382,,,1,397,2020-03-17T20:00:00Z,397,0,0,216,4,220,2913314,mw,0.514877558684028,0.0343251705789352
2020-03-17,KY,22,295,,,1,317,2020-03-17T20:00:00Z,317,0,0,61,1,62,4467673,s,0.492426370506525,0.0223830168412057
2020-03-17,LA,171,286,,,4,457,2020-03-17T20:00:00Z,457,2,0,98,57,155,4648794,s,3.67837335876789,0.0860438212577284
2020-03-17,MA,218,1541,,,,1759,2020-03-17T20:00:00Z,1759,0,0,1189,54,1243,6949503,ne,3.13691497075402,
2020-03-17,MD,57,94,,,,151,2020-03-17T20:00:00Z,151,0,0,0,20,20,6045680,s,0.942821981977213,
2020-03-17,ME,32,1303,,,,1335,2020-03-17T20:00:00Z,1335,0,0,539,15,554,1344212,ne,2.38057687329082,
2020-03-17,MI,65,272,,,,337,2020-03-17T20:00:00Z,337,0,0,0,12,12,9986857,mw,0.650855419277557,
2020-03-17,MN,60,2276,,,,2336,2020-03-17T20:00:00Z,2336,0,0,437,6,443,5639632,mw,1.06389920477081,
2020-03-17,MO,8,207,,,0,215,2020-03-17T20:00:00Z,215,0,0,43,2,45,6137428,s,0.130347761309786,0
2020-03-17,MP,0,,,,,0,2020-03-17T20:00:00Z,0,0,0,0,0,0,55194,i,0,
2020-03-17,MS,21,368,,,,389,2020-03-17T20:00:00Z,389,0,0,91,9,100,2976149,s,0.705609833378638,
2020-03-17,MT,8,303,0,,,311,2020-03-17T20:00:00Z,311,0,0,105,1,106,1068778,w,0.74851840138925,
2020-03-17,NC,40,474,,,0,514,2020-03-17T20:00:00Z,514,0,0,178,7,185,10488084,s,0.381385198669271,0
2020-03-17,ND,3,220,0,,0,223,2020-03-17T20:00:00Z,223,0,0,97,2,99,762062,mw,0.393668756610355,0
2020-03-17,NE,21,206,,,,227,2020-03-17T20:00:00Z,227,0,0,36,3,39,1934408,mw,1.0856034507715,
2020-03-17,NH,17,355,195,,,567,2020-03-17T20:00:00Z,372,0,0,84,4,88,1359711,ne,1.25026568145731,
2020-03-17,NJ,267,163,55,,3,485,2020-03-17T20:00:00Z,430,1,0,43,89,132,8882190,ne,3.00601540836213,0.0337754540265408
2020-03-17,NM,23,1249,,,,1272,2020-03-17T20:00:00Z,1272,0,0,683,6,689,2096829,w,1.09689440579084,
2020-03-17,NV,55,168,,,1,223,2020-03-17T20:00:00Z,223,0,0,0,10,10,3080156,w,1.78562384502603,0.0324658880913824
2020-03-17,NY,1700,5506,,,7,7206,2020-03-17T20:00:00Z,7206,0,0,963,750,1713,19453561,ne,8.73875996276466,0.0359831292584427
2020-03-17,OH,67,140,,,,207,2020-03-17T20:00:00Z,207,0,0,0,17,17,11689100,mw,0.573183564175172,
2020-03-17,OK,17,247,82,,,346,2020-03-17T20:00:00Z,264,0,0,73,7,80,3956971,s,0.429621546379794,
2020-03-17,OR,47,689,184,,,920,2020-03-17T20:00:00Z,736,0,0,110,8,118,4217737,w,1.11434164813975,
2020-03-17,PA,96,879,,,,975,2020-03-17T20:00:00Z,975,0,0,209,20,229,12801989,ne,0.749883475138121,
2020-03-17,PR,5,13,4,,,22,2020-03-17T20:00:00Z,18,0,0,4,0,4,3193694,i,0.15655851812979,
2020-03-17,RI,21,308,149,,,478,2020-03-17T20:00:00Z,329,0,0,0,0,0,1059361,ne,1.98232708208061,
2020-03-17,SC,33,311,,,1,344,2020-03-17T20:00:00Z,344,0,0,76,5,81,5148714,s,0.640936746535154,0.0194223256525804
2020-03-17,SD,11,551,35,,,597,2020-03-17T20:00:00Z,562,0,0,57,1,58,884659,mw,1.24341695500752,
2020-03-17,TN,73,330,,,,403,2020-03-17T20:00:00Z,403,0,0,60,21,81,6833174,s,1.06831759296631,
2020-03-17,TX,64,1204,,,1,1268,2020-03-17T20:00:00Z,1268,1,0,1204,7,1211,28995881,s,0.220721005166217,0.00344876570572213
2020-03-17,UT,51,131,,,0,182,2020-03-17T20:00:00Z,182,0,0,0,12,12,3205958,w,1.59078815131078,0
2020-03-17,VA,67,961,,,1,1028,2020-03-17T20:00:00Z,1028,0,0,523,16,539,8535519,s,0.78495519721765,0.0117157492122037
2020-03-17,VI,2,,,,,2,2020-03-17T20:00:00Z,2,0,0,0,1,1,104914,i,1.90632327430086,
2020-03-17,VT,10,495,,,,505,2020-03-17T20:00:00Z,505,0,0,74,2,76,623989,ne,1.60259235339085,
2020-03-17,WA,904,11582,,,48,12486,2020-03-17T20:00:00Z,12486,6,0,2131,135,2266,7614893,w,11.8714734402703,0.630343722492227
2020-03-17,WI,72,1038,,,,1110,2020-03-17T20:00:00Z,1110,0,0,534,25,559,5822434,mw,1.23659624136572,
2020-03-17,WV,0,80,4,,0,84,2020-03-17T20:00:00Z,80,0,0,0,0,0,1792065,s,0,0
2020-03-17,WY,10,95,,,,105,2020-03-17T20:00:00Z,105,0,0,95,7,102,578759,w,1.72783490191945,
2020-03-16,AK,1,143,,,,144,2020-03-16T20:00:00Z,144,0,0,0,0,0,731545,w,0.136696990615752,
2020-03-16,AL,28,28,40,,0,96,2020-03-16T20:00:00Z,56,0,0,0,16,16,4903185,s,0.571057384128888,0
2020-03-16,AR,22,132,14,,,168,2020-03-16T20:00:00Z,154,0,0,29,6,35,3017825,s,0.729001847356954,
2020-03-16,AS,0,,,,,0,2020-03-16T20:00:00Z,0,,,,,,55641,i,0,
2020-03-16,AZ,18,125,63,,0,206,2020-03-16T20:00:00Z,143,0,0,4,6,10,7278717,w,0.247296329833953,0
2020-03-16,CA,335,7981,,,6,8316,2020-03-16T20:00:00Z,8316,1,0,7065,42,7107,39512223,w,0.847838907975388,0.015185174471201
2020-03-16,CO,131,627,,,1,758,2020-03-16T20:00:00Z,758,0,0,0,0,0,5758736,w,2.27480474881988,0.0173649217467166
2020-03-16,CT,26,125,,,,151,2020-03-16T20:00:00Z,151,0,0,0,6,6,3565287,ne,0.729254054442181,
2020-03-16,DC,17,96,7,,,120,2020-03-16T20:00:00Z,113,0,0,17,1,18,705749,s,2.40878839360736,
2020-03-16,DE,8,36,32,,,76,2020-03-16T20:00:00Z,44,0,0,0,2,2,973764,s,0.821554298577479,
2020-03-16,FL,141,684,514,,4,1339,2020-03-16T20:00:00Z,825,0,0,6,25,31,21477737,s,0.656493745127804,0.0186239360319944
2020-03-16,GA,121,,,,1,121,2020-03-16T20:00:00Z,121,0,0,0,22,22,10617423,s,1.13963623753146,0.0094184813019129
2020-03-16,GU,3,23,,,,26,2020-03-16T20:00:00Z,26,,,,,,165718,i,1.81030425180125,
2020-03-16,HI,7,,,,,7,2020-03-16T20:00:00Z,7,0,0,0,5,5,1415872,w,0.494394973556932,
2020-03-16,IA,22,83,,,,105,2020-03-16T20:00:00Z,105,0,0,0,4,4,3155070,mw,0.697290392923136,
2020-03-16,ID,5,265,,,,270,2020-03-16T20:00:00Z,270,0,0,94,0,94,1787147,w,0.279775530496372,
2020-03-16,IL,93,932,,,,1025,2020-03-16T20:00:00Z,1025,0,0,483,29,512,12671821,mw,0.733911882120178,
2020-03-16,IN,24,115,,,1,139,2020-03-16T20:00:00Z,139,1,0,13,5,18,6732219,mw,0.356494641662727,0.0148539434026136
2020-03-16,KS,11,166,,,1,177,2020-03-16T20:00:00Z,177,0,0,31,3,34,2913314,mw,0.377576876368287,0.0343251705789352
2020-03-16,KY,21,234,,,1,255,2020-03-16T20:00:00Z,255,1,0,95,5,100,4467673,s,0.47004335366532,0.0223830168412057
2020-03-16,LA,114,188,,,2,302,2020-03-16T20:00:00Z,302,0,0,32,23,55,4648794,s,2.45224890584526,0.0430219106288642
2020-03-16,MA,164,352,,,,516,2020-03-16T20:00:00Z,516,0,0,0,26,26,6949503,ne,2.35988098717275,
2020-03-16,MD,37,94,,,,131,2020-03-16T20:00:00Z,131,0,0,0,6,6,6045680,s,0.612007251458893,
2020-03-16,ME,17,764,,,,781,2020-03-16T20:00:00Z,781,0,0,673,14,687,1344212,ne,1.26468146393575,
2020-03-16,MI,53,272,30,,,355,2020-03-16T20:00:00Z,325,0,0,67,20,87,9986857,mw,0.530697495718623,
2020-03-16,MN,54,1839,,,,1893,2020-03-16T20:00:00Z,1893,0,0,452,19,471,5639632,mw,0.957509284293727,
2020-03-16,MO,6,164,,,0,170,2020-03-16T20:00:00Z,170,0,0,42,1,43,6137428,s,0.0977608209823398,0
2020-03-16,MP,0,,,,,0,2020-03-16T20:00:00Z,0,,,,,,55194,i,0,
2020-03-16,MS,12,277,,,,289,2020-03-16T20:00:00Z,289,0,0,193,2,195,2976149,s,0.403205619073507,
2020-03-16,MT,7,198,0,,,205,2020-03-16T20:00:00Z,205,0,0,95,0,95,1068778,w,0.654953601215594,
2020-03-16,NC,33,296,151,,0,480,2020-03-16T20:00:00Z,329,0,0,69,1,70,10488084,s,0.314642788902148,0
2020-03-16,ND,1,123,0,,0,124,2020-03-16T20:00:00Z,124,0,0,28,0,28,762062,mw,0.131222918870118,0
2020-03-16,NE,18,170,,,,188,2020-03-16T20:00:00Z,188,0,0,90,1,91,1934408,mw,0.93051724351843,
2020-03-16,NH,13,271,95,,,379,2020-03-16T20:00:00Z,284,0,0,0,0,0,1359711,ne,0.956085521114413,
2020-03-16,NJ,178,120,20,,2,318,2020-03-16T20:00:00Z,298,0,0,0,80,80,8882190,ne,2.00401027224142,0.0225169693510272
2020-03-16,NM,17,566,,,,583,2020-03-16T20:00:00Z,583,0,0,84,4,88,2096829,w,0.810748039062794,
2020-03-16,NV,45,168,,,1,213,2020-03-16T20:00:00Z,213,1,0,0,24,24,3080156,w,1.46096496411221,0.0324658880913824
2020-03-16,NY,950,4543,,,7,5493,2020-03-16T20:00:00Z,5493,4,0,0,221,221,19453561,ne,4.88342468507437,0.0359831292584427
2020-03-16,OH,50,140,361,,,551,2020-03-16T20:00:00Z,190,0,0,1,14,15,11689100,mw,0.427748928488934,
2020-03-16,OK,10,174,29,,,213,2020-03-16T20:00:00Z,184,0,0,56,1,57,3956971,s,0.252718556693996,
2020-03-16,OR,39,579,182,,,800,2020-03-16T20:00:00Z,618,0,0,159,3,162,4217737,w,0.924666473988302,
2020-03-16,PA,76,670,,,,746,2020-03-16T20:00:00Z,746,0,0,465,13,478,12801989,ne,0.593657751151013,
2020-03-16,PR,5,9,,,,14,2020-03-16T20:00:00Z,14,,,,,,3193694,i,0.15655851812979,
2020-03-16,RI,21,308,149,,,478,2020-03-16T20:00:00Z,329,0,0,110,1,111,1059361,ne,1.98232708208061,
2020-03-16,SC,28,235,,,1,263,2020-03-16T20:00:00Z,263,1,0,81,9,90,5148714,s,0.543825118272252,0.0194223256525804
2020-03-16,SD,10,494,0,,,504,2020-03-16T20:00:00Z,504,0,0,167,1,168,884659,mw,1.13037905000684,
2020-03-16,TN,52,270,,,,322,2020-03-16T20:00:00Z,322,0,0,113,13,126,6833174,s,0.760993353893813,
2020-03-16,TX,57,,,,,57,2020-03-16T20:00:00Z,57,0,0,0,1,1,28995881,s,0.196579645226162,
2020-03-16,UT,39,131,,,0,170,2020-03-16T20:00:00Z,170,0,0,0,11,11,3205958,w,1.21648505688471,0
2020-03-16,VA,51,438,,,1,489,2020-03-16T20:00:00Z,489,0,0,75,6,81,8535519,s,0.59750320982239,0.0117157492122037
2020-03-16,VI,1,,,,,1,2020-03-16T20:00:00Z,1,,,,,,104914,i,0.953161637150428,
2020-03-16,VT,8,421,,,,429,2020-03-16T20:00:00Z,429,0,0,73,4,77,623989,ne,1.28207388271268,
2020-03-16,WA,769,9451,,,42,10220,2020-03-16T20:00:00Z,10220,2,0,2329,127,2456,7614893,w,10.0986317207609,0.551550757180698
2020-03-16,WI,47,504,,,,551,2020-03-16T20:00:00Z,551,0,0,191,14,205,5822434,mw,0.80722254644707,
2020-03-16,WV,0,80,4,,0,84,2020-03-16T20:00:00Z,80,0,0,42,0,42,1792065,s,0,0
2020-03-16,WY,3,,,,,3,2020-03-16T20:00:00Z,3,0,0,0,0,0,578759,w,0.518350470575836,
2020-03-15,AK,1,143,,,,144,2020-03-15T20:00:00Z,144,0,0,0,0,0,731545,w,0.136696990615752,
2020-03-15,AL,12,28,46,,0,86,2020-03-15T20:00:00Z,40,0,0,6,6,12,4903185,s,0.24473887891238,0
2020-03-15,AR,16,103,30,,,149,2020-03-15T20:00:00Z,119,0,0,38,4,42,3017825,s,0.530183161714149,
2020-03-15,AZ,12,121,50,,0,183,2020-03-15T20:00:00Z,133,0,0,0,0,0,7278717,w,0.164864219889302,0
2020-03-15,CA,293,916,,,5,1209,2020-03-15T20:00:00Z,1209,0,0,0,41,41,39512223,w,0.741542686676981,0.0126543120593341
2020-03-15,CO,131,627,,,1,758,2020-03-15T20:00:00Z,758,0,0,17,30,47,5758736,w,2.27480474881988,0.0173649217467166
2020-03-15,CT,20,125,,,,145,2020-03-15T20:00:00Z,145,0,0,0,9,9,3565287,ne,0.560964657263216,
2020-03-15,DC,16,79,20,,,115,2020-03-15T20:00:00Z,95,0,0,30,6,36,705749,s,2.26709495868928,
2020-03-15,DE,6,36,32,,,74,2020-03-15T20:00:00Z,42,0,0,0,0,0,973764,s,0.616165723933109,
2020-03-15,FL,116,678,454,,4,1248,2020-03-15T20:00:00Z,794,1,0,200,39,239,21477737,s,0.540094144927839,0.0186239360319944
2020-03-15,GA,99,,,,1,99,2020-03-15T20:00:00Z,99,0,0,0,33,33,10617423,s,0.932429648889377,0.0094184813019129
2020-03-15,HI,2,,,,,2,2020-03-15T20:00:00Z,2,0,0,0,0,0,1415872,w,0.141255706730552,
2020-03-15,IA,18,83,,,,101,2020-03-15T20:00:00Z,101,0,0,0,1,1,3155070,mw,0.570510321482566,
2020-03-15,ID,5,171,,,,176,2020-03-15T20:00:00Z,176,0,0,-3,3,0,1787147,w,0.279775530496372,
2020-03-15,IL,64,449,195,,,708,2020-03-15T20:00:00Z,513,0,0,133,18,151,12671821,mw,0.50505763930851,
2020-03-15,IN,19,102,,,0,121,2020-03-15T20:00:00Z,121,0,0,28,4,32,6732219,mw,0.282224924649659,0
2020-03-15,KS,8,135,,,1,143,2020-03-15T20:00:00Z,143,0,0,42,2,44,2913314,mw,0.274601364631482,0.0343251705789352
2020-03-15,KY,16,139,,,,155,2020-03-15T20:00:00Z,155,0,0,0,2,2,4467673,s,0.358128269459291,
2020-03-15,LA,91,156,,,2,247,2020-03-15T20:00:00Z,247,2,0,47,22,69,4648794,s,1.95749693361332,0.0430219106288642
2020-03-15,MA,138,352,,,,490,2020-03-15T20:00:00Z,490,0,0,0,0,0,6949503,ne,1.98575351359658,
2020-03-15,MD,31,94,,,,125,2020-03-15T20:00:00Z,125,0,0,0,5,5,6045680,s,0.512762832303397,
2020-03-15,ME,3,91,17,,,111,2020-03-15T20:00:00Z,94,0,0,0,0,0,1344212,ne,0.223179081871014,
2020-03-15,MI,33,205,26,,,264,2020-03-15T20:00:00Z,238,0,0,0,8,8,9986857,mw,0.330434289787067,
2020-03-15,MN,35,1387,,,,1422,2020-03-15T20:00:00Z,1422,0,0,540,14,554,5639632,mw,0.620607869449638,
2020-03-15,MO,5,122,,,0,127,2020-03-15T20:00:00Z,127,0,0,32,1,33,6137428,s,0.0814673508186165,0
2020-03-15,MS,10,84,,,,94,2020-03-15T20:00:00Z,94,0,0,0,4,4,2976149,s,0.336004682561256,
2020-03-15,MT,7,103,57,,,167,2020-03-15T20:00:00Z,110,0,0,0,2,2,1068778,w,0.654953601215594,
2020-03-15,NC,32,227,151,,,410,2020-03-15T20:00:00Z,259,0,0,90,9,99,10488084,s,0.305108158935417,
2020-03-15,ND,1,95,4,,0,100,2020-03-15T20:00:00Z,96,0,0,41,0,41,762062,mw,0.131222918870118,0
2020-03-15,NE,17,80,33,,,130,2020-03-15T20:00:00Z,97,0,0,0,3,3,1934408,mw,0.87882184110074,
2020-03-15,NH,13,271,95,,,379,2020-03-15T20:00:00Z,284,0,0,59,6,65,1359711,ne,0.956085521114413,
2020-03-15,NJ,98,120,34,,2,252,2020-03-15T20:00:00Z,218,1,0,23,48,71,8882190,ne,1.10333149820033,0.0225169693510272
2020-03-15,NM,13,482,,,,495,2020-03-15T20:00:00Z,495,0,0,245,3,248,2096829,w,0.619983794577431,
2020-03-15,NV,21,168,164,,,353,2020-03-15T20:00:00Z,189,0,0,0,1,1,3080156,w,0.68178364991903,
2020-03-15,NY,729,4543,,,3,5272,2020-03-15T20:00:00Z,5272,3,0,1764,205,1969,19453561,ne,3.74738588991496,0.0154213411107612
2020-03-15,OH,36,139,350,,,525,2020-03-15T20:00:00Z,175,0,0,89,23,112,11689100,mw,0.307979228512033,
2020-03-15,OK,9,118,12,,,139,2020-03-15T20:00:00Z,127,0,0,82,5,87,3956971,s,0.227446701024597,
2020-03-15,OR,36,420,225,,,681,2020-03-15T20:00:00Z,456,0,0,83,6,89,4217737,w,0.85353828368151,
2020-03-15,PA,63,205,183,,,451,2020-03-15T20:00:00Z,268,0,0,0,16,16,12801989,ne,0.492111030559392,
2020-03-15,RI,20,198,57,,,275,2020-03-15T20:00:00Z,218,0,0,0,0,0,1059361,ne,1.88793055436249,
2020-03-15,SC,19,154,,,,173,2020-03-15T20:00:00Z,173,0,0,44,6,50,5148714,s,0.369024187399028,
2020-03-15,SD,9,327,6,,,342,2020-03-15T20:00:00Z,336,0,0,145,0,145,884659,mw,1.01734114500615,
2020-03-15,TN,39,157,,,,196,2020-03-15T20:00:00Z,196,0,0,27,7,34,6833174,s,0.57074501542036,
2020-03-15,TX,56,,,,,56,2020-03-15T20:00:00Z,56,0,0,0,5,5,28995881,s,0.193130879520439,
2020-03-15,UT,28,131,,,0,159,2020-03-15T20:00:00Z,159,0,0,0,22,22,3205958,w,0.873373886994153,0
2020-03-15,VA,45,363,,,1,408,2020-03-15T20:00:00Z,408,1,0,246,15,261,8535519,s,0.527208714549168,0.0117157492122037
2020-03-15,VT,4,348,,,,352,2020-03-15T20:00:00Z,352,0,0,121,0,121,623989,ne,0.641036941356338,
2020-03-15,WA,642,7122,,,40,7764,2020-03-15T20:00:00Z,7764,3,0,1121,74,1195,7614893,w,8.43084728833353,0.525286435410189
2020-03-15,WI,33,313,,,,346,2020-03-15T20:00:00Z,346,0,0,144,14,158,5822434,mw,0.566773277292624,
2020-03-15,WV,0,38,1,,0,39,2020-03-15T20:00:00Z,38,0,0,12,0,12,1792065,s,0,0
2020-03-15,WY,3,,,,,3,2020-03-15T20:00:00Z,3,0,0,0,1,1,578759,w,0.518350470575836,
2020-03-14,AK,1,143,,,,144,2020-03-14T20:00:00Z,144,0,0,84,0,84,731545,w,0.136696990615752,
2020-03-14,AL,6,22,46,,,74,2020-03-14T20:00:00Z,28,0,0,11,5,16,4903185,s,0.12236943945619,
2020-03-14,AR,12,65,26,,,103,2020-03-14T20:00:00Z,77,0,0,35,3,38,3017825,s,0.397637371285611,
2020-03-14,AZ,12,121,50,,0,183,2020-03-14T20:00:00Z,133,0,0,27,3,30,7278717,w,0.164864219889302,0
2020-03-14,CA,252,916,,,5,1168,2020-03-14T20:00:00Z,1168,1,0,0,50,50,39512223,w,0.637777327790441,0.0126543120593341
2020-03-14,CO,101,610,,,1,711,2020-03-14T20:00:00Z,711,1,0,86,29,115,5758736,w,1.75385709641838,0.0173649217467166
2020-03-14,CT,11,125,,,,136,2020-03-14T20:00:00Z,136,0,0,26,5,31,3565287,ne,0.308530561494769,
2020-03-14,DC,10,49,10,,,69,2020-03-14T20:00:00Z,59,0,0,29,0,29,705749,s,1.4169343491808,
2020-03-14,DE,6,36,32,,,74,2020-03-14T20:00:00Z,42,0,0,6,2,8,973764,s,0.616165723933109,
2020-03-14,FL,77,478,221,,3,776,2020-03-14T20:00:00Z,555,1,0,0,27,27,21477737,s,0.358510768615893,0.0139679520239958
2020-03-14,GA,66,,,,1,66,2020-03-14T20:00:00Z,66,0,0,0,24,24,10617423,s,0.621619765926252,0.0094184813019129
2020-03-14,HI,2,,,,,2,2020-03-14T20:00:00Z,2,0,0,0,0,0,1415872,w,0.141255706730552,
2020-03-14,IA,17,83,,,,100,2020-03-14T20:00:00Z,100,0,0,0,1,1,3155070,mw,0.538815303622424,
2020-03-14,ID,2,174,,,,176,2020-03-14T20:00:00Z,176,0,0,43,2,45,1787147,w,0.111910212198549,
2020-03-14,IL,46,316,82,,,444,2020-03-14T20:00:00Z,362,0,0,22,14,36,12671821,mw,0.363010178252991,
2020-03-14,IN,15,74,,,0,89,2020-03-14T20:00:00Z,89,0,0,13,3,16,6732219,mw,0.222809151039204,0
2020-03-14,KS,6,93,,,1,99,2020-03-14T20:00:00Z,99,1,0,0,0,0,2913314,mw,0.205951023473611,0.0343251705789352
2020-03-14,KY,14,139,,,,153,2020-03-14T20:00:00Z,153,0,0,32,3,35,4467673,s,0.31336223577688,
2020-03-14,LA,69,109,,,,178,2020-03-14T20:00:00Z,178,0,0,72,33,105,4648794,s,1.48425591669581,
2020-03-14,MA,138,352,,,,490,2020-03-14T20:00:00Z,490,0,0,260,15,275,6949503,ne,1.98575351359658,
2020-03-14,MD,26,94,,,,120,2020-03-14T20:00:00Z,120,0,0,0,9,9,6045680,s,0.430059149673817,
2020-03-14,ME,3,91,17,,,111,2020-03-14T20:00:00Z,94,0,0,0,0,0,1344212,ne,0.223179081871014,
2020-03-14,MI,25,205,26,,,256,2020-03-14T20:00:00Z,230,0,0,72,9,81,9986857,mw,0.250329007414445,
2020-03-14,MN,21,847,,,,868,2020-03-14T20:00:00Z,868,0,0,306,7,313,5639632,mw,0.372364721669783,
2020-03-14,MO,4,90,,,0,94,2020-03-14T20:00:00Z,94,0,0,19,2,21,6137428,s,0.0651738806548932,0
2020-03-14,MS,6,84,,,,90,2020-03-14T20:00:00Z,90,0,0,43,2,45,2976149,s,0.201602809536754,
2020-03-14,MT,5,103,,,,108,2020-03-14T20:00:00Z,108,0,0,48,4,52,1068778,w,0.467824000868281,
2020-03-14,NC,23,137,,,,160,2020-03-14T20:00:00Z,160,0,0,51,8,59,10488084,s,0.219296489234831,
2020-03-14,ND,1,54,14,,0,69,2020-03-14T20:00:00Z,55,0,0,15,0,15,762062,mw,0.131222918870118,0
2020-03-14,NE,14,80,33,,,127,2020-03-14T20:00:00Z,94,0,0,0,1,1,1934408,mw,0.723735633847668,
2020-03-14,NH,7,212,31,,,250,2020-03-14T20:00:00Z,219,0,0,118,1,119,1359711,ne,0.514815280600069,
2020-03-14,NJ,50,97,80,,1,227,2020-03-14T20:00:00Z,147,0,0,0,0,0,8882190,ne,0.562924233775679,0.0112584846755136
2020-03-14,NM,10,237,,,,247,2020-03-14T20:00:00Z,247,0,0,47,0,47,2096829,w,0.476910611213408,
2020-03-14,NV,20,168,,,,188,2020-03-14T20:00:00Z,188,0,0,0,9,9,3080156,w,0.649317761827648,
2020-03-14,NY,524,2779,,,,3303,2020-03-14T20:00:00Z,3303,0,0,0,103,103,19453561,ne,2.69359424734628,
2020-03-14,OH,13,50,159,,,222,2020-03-14T20:00:00Z,63,0,0,0,0,0,11689100,mw,0.111214721407123,
2020-03-14,OK,4,36,37,,,77,2020-03-14T20:00:00Z,40,0,0,0,1,1,3956971,s,0.101087422677599,
2020-03-14,OR,30,337,157,,,524,2020-03-14T20:00:00Z,367,0,0,0,0,0,4217737,w,0.711281903067925,
2020-03-14,PA,47,205,150,,,402,2020-03-14T20:00:00Z,252,0,0,65,14,79,12801989,ne,0.367130451369705,
2020-03-14,RI,20,198,57,,,275,2020-03-14T20:00:00Z,218,0,0,56,6,62,1059361,ne,1.88793055436249,
2020-03-14,SC,13,110,,,,123,2020-03-14T20:00:00Z,123,0,0,35,1,36,5148714,s,0.252490233483546,
2020-03-14,SD,9,182,3,,,194,2020-03-14T20:00:00Z,191,0,0,109,0,109,884659,mw,1.01734114500615,
2020-03-14,TN,32,130,,,,162,2020-03-14T20:00:00Z,162,0,0,14,6,20,6833174,s,0.468303602396192,
2020-03-14,TX,51,,,,,51,2020-03-14T20:00:00Z,51,0,0,0,12,12,28995881,s,0.175887050991829,
2020-03-14,UT,6,131,,,,137,2020-03-14T20:00:00Z,137,0,0,0,0,0,3205958,w,0.187151547213033,
2020-03-14,VA,30,117,,,,147,2020-03-14T20:00:00Z,147,0,0,0,0,0,8535519,s,0.351472476366112,
2020-03-14,VT,4,227,,,,231,2020-03-14T20:00:00Z,231,0,0,85,2,87,623989,ne,0.641036941356338,
2020-03-14,WA,568,6001,,,37,6569,2020-03-14T20:00:00Z,6569,6,0,1651,111,1762,7614893,w,7.45906738282468,0.485889952754425
2020-03-14,WI,19,169,,,,188,2020-03-14T20:00:00Z,188,0,0,0,0,0,5822434,mw,0.326324008138177,
2020-03-14,WV,0,26,5,,,31,2020-03-14T20:00:00Z,26,0,0,9,0,9,1792065,s,0,
2020-03-14,WY,2,,,,,2,2020-03-14T20:00:00Z,2,0,0,0,1,1,578759,w,0.34556698038389,
2020-03-13,AK,1,59,,,,60,2020-03-13T20:00:00Z,60,0,0,13,1,14,731545,w,0.136696990615752,
2020-03-13,AL,1,11,,,,12,2020-03-13T20:00:00Z,12,0,0,1,1,2,4903185,s,0.0203949065760317,
2020-03-13,AR,9,30,22,,,61,2020-03-13T20:00:00Z,39,0,0,6,3,9,3017825,s,0.298228028464209,
2020-03-13,AZ,9,94,40,,0,143,2020-03-13T20:00:00Z,103,0,0,12,0,12,7278717,w,0.123648164916976,0
2020-03-13,CA,202,916,,,4,1118,2020-03-13T20:00:00Z,1118,0,0,0,0,0,39512223,w,0.511234207197099,0.0101234496474673
2020-03-13,CO,72,524,,,,596,2020-03-13T20:00:00Z,596,0,0,226,27,253,5758736,w,1.2502743657636,
2020-03-13,CT,6,99,,,,105,2020-03-13T20:00:00Z,105,0,0,10,0,10,3565287,ne,0.168289397178965,
2020-03-13,DC,10,20,,,,30,2020-03-13T20:00:00Z,30,0,0,0,0,0,705749,s,1.4169343491808,
2020-03-13,DE,4,30,10,,,44,2020-03-13T20:00:00Z,34,0,0,7,0,7,973764,s,0.410777149288739,
2020-03-13,FL,50,478,221,,2,749,2020-03-13T20:00:00Z,528,0,0,177,18,195,21477737,s,0.23279920039993,0.00931196801599722
2020-03-13,GA,42,,,,1,42,2020-03-13T20:00:00Z,42,1,0,0,11,11,10617423,s,0.395576214680342,0.0094184813019129
2020-03-13,HI,2,,,,,2,2020-03-13T20:00:00Z,2,0,0,0,0,0,1415872,w,0.141255706730552,
2020-03-13,IA,16,83,29,,,128,2020-03-13T20:00:00Z,99,0,0,16,2,18,3155070,mw,0.507120285762281,
2020-03-13,ID,0,131,,,,131,2020-03-13T20:00:00Z,131,0,0,38,0,38,1787147,w,0,
2020-03-13,IL,32,294,92,,,418,2020-03-13T20:00:00Z,326,0,0,28,7,35,12671821,mw,0.252528819654255,
2020-03-13,IN,12,61,,,,73,2020-03-13T20:00:00Z,73,0,0,9,0,9,6732219,mw,0.178247320831363,
2020-03-13,KS,6,93,,,,99,2020-03-13T20:00:00Z,99,0,0,52,2,54,2913314,mw,0.205951023473611,
2020-03-13,KY,11,107,,,,118,2020-03-13T20:00:00Z,118,0,0,51,3,54,4467673,s,0.246213185253263,
2020-03-13,LA,36,37,,,,73,2020-03-13T20:00:00Z,73,0,0,0,22,22,4648794,s,0.774394391319555,
2020-03-13,MA,123,92,,,,215,2020-03-13T20:00:00Z,215,0,0,92,28,120,6949503,ne,1.76991074037956,
2020-03-13,MD,17,94,,,,111,2020-03-13T20:00:00Z,111,0,0,0,5,5,6045680,s,0.281192520940572,
2020-03-13,ME,3,91,17,,,111,2020-03-13T20:00:00Z,94,0,0,26,2,28,1344212,ne,0.223179081871014,
2020-03-13,MI,16,133,26,,,175,2020-03-13T20:00:00Z,149,0,0,42,14,56,9986857,mw,0.160210564745245,
2020-03-13,MN,14,541,,,,555,2020-03-13T20:00:00Z,555,0,0,234,5,239,5639632,mw,0.248243147779855,
2020-03-13,MO,2,71,,,,73,2020-03-13T20:00:00Z,73,0,0,7,1,8,6137428,s,0.0325869403274466,
2020-03-13,MS,4,41,,,,45,2020-03-13T20:00:00Z,45,0,0,0,3,3,2976149,s,0.134401873024502,
2020-03-13,MT,1,55,,,,56,2020-03-13T20:00:00Z,56,0,0,21,0,21,1068778,w,0.0935648001736563,
2020-03-13,NC,15,86,,,,101,2020-03-13T20:00:00Z,101,0,0,26,3,29,10488084,s,0.143019449500977,
2020-03-13,ND,1,39,12,,0,52,2020-03-13T20:00:00Z,40,0,0,27,0,27,762062,mw,0.131222918870118,0
2020-03-13,NE,13,80,33,,,126,2020-03-13T20:00:00Z,93,0,0,0,3,3,1934408,mw,0.672040231429978,
2020-03-13,NH,6,94,21,,,121,2020-03-13T20:00:00Z,100,0,0,0,0,0,1359711,ne,0.441270240514345,
2020-03-13,NJ,50,97,80,,1,227,2020-03-13T20:00:00Z,147,0,0,23,20,43,8882190,ne,0.562924233775679,0.0112584846755136
2020-03-13,NM,10,190,,,,200,2020-03-13T20:00:00Z,200,0,0,35,5,40,2096829,w,0.476910611213408,
2020-03-13,NV,11,168,,,,179,2020-03-13T20:00:00Z,179,0,0,0,4,4,3080156,w,0.357124769005206,
2020-03-13,NY,421,2779,,,,3200,2020-03-13T20:00:00Z,3200,0,0,2687,205,2892,19453561,ne,2.16412820254348,
2020-03-13,OH,13,50,159,,,222,2020-03-13T20:00:00Z,63,0,0,20,8,28,11689100,mw,0.111214721407123,
2020-03-13,OK,3,36,37,,,76,2020-03-13T20:00:00Z,39,0,0,0,0,0,3956971,s,0.075815567008199,
2020-03-13,OR,30,337,157,,,524,2020-03-13T20:00:00Z,367,0,0,51,11,62,4217737,w,0.711281903067925,
2020-03-13,PA,33,140,130,,,303,2020-03-13T20:00:00Z,173,0,0,24,11,35,12801989,ne,0.257772444578729,
2020-03-13,RI,14,142,29,,,185,2020-03-13T20:00:00Z,156,0,0,48,9,57,1059361,ne,1.32155138805374,
2020-03-13,SC,12,75,,,,87,2020-03-13T20:00:00Z,87,0,0,27,2,29,5148714,s,0.233067907830965,
2020-03-13,SD,9,73,11,,,93,2020-03-13T20:00:00Z,82,0,0,46,1,47,884659,mw,1.01734114500615,
2020-03-13,TN,26,116,,,,142,2020-03-13T20:00:00Z,142,0,0,37,8,45,6833174,s,0.380496676946906,
2020-03-13,TX,39,,,,,39,2020-03-13T20:00:00Z,39,0,0,0,16,16,28995881,s,0.134501862523163,
2020-03-13,UT,6,131,,,,137,2020-03-13T20:00:00Z,137,0,0,0,2,2,3205958,w,0.187151547213033,
2020-03-13,VA,30,117,,,,147,2020-03-13T20:00:00Z,147,0,0,0,13,13,8535519,s,0.351472476366112,
2020-03-13,VT,2,142,,,,144,2020-03-13T20:00:00Z,144,0,0,45,0,45,623989,ne,0.320518470678169,
2020-03-13,WA,457,4350,,,31,4807,2020-03-13T20:00:00Z,4807,2,0,1313,120,1433,7614893,w,6.00139752456141,0.407096987442896
2020-03-13,WI,19,169,,,,188,2020-03-13T20:00:00Z,188,0,0,85,11,96,5822434,mw,0.326324008138177,
2020-03-13,WV,0,17,4,,,21,2020-03-13T20:00:00Z,17,0,0,10,0,10,1792065,s,0,
2020-03-13,WY,1,,,,,1,2020-03-13T20:00:00Z,1,0,0,0,0,0,578759,w,0.172783490191945,
2020-03-12,AK,0,46,14,,,60,2020-03-12T20:00:00Z,46,0,0,0,0,0,731545,w,0,
2020-03-12,AL,0,10,,,,10,2020-03-12T20:00:00Z,10,0,0,0,0,0,4903185,s,0,
2020-03-12,AR,6,24,20,,,50,2020-03-12T20:00:00Z,30,0,0,12,6,18,3017825,s,0.198818685642806,
2020-03-12,AZ,9,82,24,,,115,2020-03-12T20:00:00Z,91,0,0,23,0,23,7278717,w,0.123648164916976,
2020-03-12,CA,202,916,,,4,1118,2020-03-12T20:00:00Z,1118,4,0,0,45,45,39512223,w,0.511234207197099,0.0101234496474673
2020-03-12,CO,45,298,,,,343,2020-03-12T20:00:00Z,343,0,0,47,17,64,5758736,w,0.781421478602249,
2020-03-12,CT,6,89,,,,95,2020-03-12T20:00:00Z,95,0,0,18,3,21,3565287,ne,0.168289397178965,
2020-03-12,DC,10,20,,,,30,2020-03-12T20:00:00Z,30,0,0,0,6,6,705749,s,1.4169343491808,
2020-03-12,DE,4,23,14,,,41,2020-03-12T20:00:00Z,27,0,0,6,3,9,973764,s,0.410777149288739,
2020-03-12,FL,32,301,147,,2,480,2020-03-12T20:00:00Z,333,0,0,0,4,4,21477737,s,0.148991488255955,0.00931196801599722
2020-03-12,GA,31,,,,,31,2020-03-12T20:00:00Z,31,0,0,0,9,9,10617423,s,0.2919729203593,
2020-03-12,HI,2,,,,,2,2020-03-12T20:00:00Z,2,0,0,0,0,0,1415872,w,0.141255706730552,
2020-03-12,IA,14,67,24,,,105,2020-03-12T20:00:00Z,81,0,0,21,1,22,3155070,mw,0.443730250041996,
2020-03-12,ID,0,93,,,,93,2020-03-12T20:00:00Z,93,0,0,26,0,26,1787147,w,0,
2020-03-12,IL,25,266,76,,,367,2020-03-12T20:00:00Z,291,0,0,22,6,28,12671821,mw,0.197288140354887,
2020-03-12,IN,12,52,,,,64,2020-03-12T20:00:00Z,64,0,0,19,2,21,6732219,mw,0.178247320831363,
2020-03-12,KS,4,41,,,,45,2020-03-12T20:00:00Z,45,0,0,0,3,3,2913314,mw,0.137300682315741,
2020-03-12,KY,8,56,,,,64,2020-03-12T20:00:00Z,64,0,0,10,0,10,4467673,s,0.179064134729646,
2020-03-12,LA,14,37,,,,51,2020-03-12T20:00:00Z,51,0,0,0,8,8,4648794,s,0.301153374402049,
2020-03-12,MA,95,,,,,95,2020-03-12T20:00:00Z,95,0,0,0,3,3,6949503,ne,1.36700423037446,
2020-03-12,MD,12,94,,,,106,2020-03-12T20:00:00Z,106,0,0,0,3,3,6045680,s,0.198488838310992,
2020-03-12,ME,1,65,20,,,86,2020-03-12T20:00:00Z,66,0,0,23,1,24,1344212,ne,0.0743930272903381,
2020-03-12,MI,2,91,27,,,120,2020-03-12T20:00:00Z,93,0,0,34,0,34,9986857,mw,0.0200263205931556,
2020-03-12,MN,9,307,,,,316,2020-03-12T20:00:00Z,316,0,0,90,4,94,5639632,mw,0.159584880715621,
2020-03-12,MO,1,64,,,,65,2020-03-12T20:00:00Z,65,0,0,64,0,64,6137428,s,0.0162934701637233,
2020-03-12,MS,1,41,,,,42,2020-03-12T20:00:00Z,42,0,0,21,1,22,2976149,s,0.0336004682561256,
2020-03-12,MT,1,34,,,,35,2020-03-12T20:00:00Z,35,0,0,13,1,14,1068778,w,0.0935648001736563,
2020-03-12,NC,12,60,,,,72,2020-03-12T20:00:00Z,72,0,0,60,5,65,10488084,s,0.114415559600781,
2020-03-12,ND,1,12,14,,,27,2020-03-12T20:00:00Z,13,0,0,5,1,6,762062,mw,0.131222918870118,
2020-03-12,NE,10,80,33,,,123,2020-03-12T20:00:00Z,90,0,0,33,5,38,1934408,mw,0.516954024176906,
2020-03-12,NH,6,94,21,,,121,2020-03-12T20:00:00Z,100,0,0,56,2,58,1359711,ne,0.441270240514345,
2020-03-12,NJ,30,74,20,,1,124,2020-03-12T20:00:00Z,104,0,0,17,6,23,8882190,ne,0.337754540265408,0.0112584846755136
2020-03-12,NM,5,155,,,,160,2020-03-12T20:00:00Z,160,0,0,68,2,70,2096829,w,0.238455305606704,
2020-03-12,NV,7,168,,,,175,2020-03-12T20:00:00Z,175,0,0,0,2,2,3080156,w,0.227261216639677,
2020-03-12,NY,216,92,,,,308,2020-03-12T20:00:00Z,308,0,0,0,0,0,19453561,ne,1.1103365599748,
2020-03-12,OH,5,30,52,,,87,2020-03-12T20:00:00Z,35,0,0,9,1,10,11689100,mw,0.0427748928488934,
2020-03-12,OK,3,36,4,,,43,2020-03-12T20:00:00Z,39,0,0,21,1,22,3956971,s,0.075815567008199,
2020-03-12,OR,19,286,62,,,367,2020-03-12T20:00:00Z,305,0,0,0,0,0,4217737,w,0.450478538609686,
2020-03-12,PA,22,116,81,,,219,2020-03-12T20:00:00Z,138,0,0,28,7,35,12801989,ne,0.171848296385819,
2020-03-12,RI,5,94,8,,,107,2020-03-12T20:00:00Z,99,0,0,36,0,36,1059361,ne,0.471982638590622,
2020-03-12,SC,10,48,,,,58,2020-03-12T20:00:00Z,58,0,0,16,1,17,5148714,s,0.194223256525804,
2020-03-12,SD,8,27,11,,,46,2020-03-12T20:00:00Z,35,0,0,14,3,17,884659,mw,0.904303240005471,
2020-03-12,TN,18,79,,,,97,2020-03-12T20:00:00Z,97,0,0,29,11,40,6833174,s,0.263420776347858,
2020-03-12,TX,23,,,,,23,2020-03-12T20:00:00Z,23,0,0,0,2,2,28995881,s,0.0793216112316091,
2020-03-12,UT,4,131,,,,135,2020-03-12T20:00:00Z,135,0,0,131,2,133,3205958,w,0.124767698142022,
2020-03-12,VA,17,117,,,,134,2020-03-12T20:00:00Z,134,0,0,57,8,65,8535519,s,0.199167736607463,
2020-03-12,VT,2,97,,,,99,2020-03-12T20:00:00Z,99,0,0,35,1,36,623989,ne,0.320518470678169,
2020-03-12,WA,337,3037,,,29,3374,2020-03-12T20:00:00Z,3374,5,0,862,70,932,7614893,w,4.42553821833084,0.380832665672387
2020-03-12,WI,8,84,,,,92,2020-03-12T20:00:00Z,92,0,0,41,5,46,5822434,mw,0.137399582373969,
2020-03-12,WV,0,7,1,,,8,2020-03-12T20:00:00Z,7,0,0,4,0,4,1792065,s,0,
2020-03-12,WY,1,,,,,1,2020-03-12T20:00:00Z,1,0,0,0,1,1,578759,w,0.172783490191945,
2020-03-11,AK,0,46,14,,,60,2020-03-11T20:00:00Z,46,0,0,23,0,23,731545,w,0,
2020-03-11,AL,0,10,,,,10,2020-03-11T20:00:00Z,10,0,0,10,0,10,4903185,s,0,
2020-03-11,AR,0,12,14,,,26,2020-03-11T20:00:00Z,12,0,0,0,0,0,3017825,s,0,
2020-03-11,AZ,9,59,32,,,100,2020-03-11T20:00:00Z,68,0,0,8,3,11,7278717,w,0.123648164916976,
2020-03-11,CA,157,916,,,,1073,2020-03-11T20:00:00Z,1073,0,0,226,24,250,39512223,w,0.397345398663092,
2020-03-11,CO,28,251,,,,279,2020-03-11T20:00:00Z,279,0,0,109,16,125,5758736,w,0.486217808908066,
2020-03-11,CT,3,71,,,,74,2020-03-11T20:00:00Z,74,0,0,17,1,18,3565287,ne,0.0841446985894824,
2020-03-11,DC,4,20,15,,,39,2020-03-11T20:00:00Z,24,0,0,3,-1,2,705749,s,0.56677373967232,
2020-03-11,DE,1,17,2,,,20,2020-03-11T20:00:00Z,18,0,0,0,1,1,973764,s,0.102694287322185,
2020-03-11,FL,28,301,147,,2,476,2020-03-11T20:00:00Z,329,2,0,79,9,88,21477737,s,0.130367552223961,0.00931196801599722
2020-03-11,GA,22,,,,,22,2020-03-11T20:00:00Z,22,0,0,0,5,5,10617423,s,0.207206588642084,
2020-03-11,HI,2,,,,,2,2020-03-11T20:00:00Z,2,0,0,0,0,0,1415872,w,0.141255706730552,
2020-03-11,IA,13,46,27,,,86,2020-03-11T20:00:00Z,59,0,0,14,5,19,3155070,mw,0.412035232181853,
2020-03-11,ID,0,67,,,,67,2020-03-11T20:00:00Z,67,0,0,26,0,26,1787147,w,0,
2020-03-11,IL,19,244,63,,,326,2020-03-11T20:00:00Z,263,0,0,0,0,0,12671821,mw,0.149938986669714,
2020-03-11,IN,10,33,,,,43,2020-03-11T20:00:00Z,43,0,0,3,4,7,6732219,mw,0.148539434026136,
2020-03-11,KS,1,41,,,,42,2020-03-11T20:00:00Z,42,0,0,24,0,24,2913314,mw,0.0343251705789352,
2020-03-11,KY,8,46,,,,54,2020-03-11T20:00:00Z,54,0,0,18,2,20,4467673,s,0.179064134729646,
2020-03-11,LA,6,37,,,,43,2020-03-11T20:00:00Z,43,0,0,26,5,31,4648794,s,0.129065731886593,
2020-03-11,MA,92,,,,,92,2020-03-11T20:00:00Z,92,0,0,0,0,0,6949503,ne,1.32383567573106,
2020-03-11,MD,9,94,,,,103,2020-03-11T20:00:00Z,103,0,0,5,3,8,6045680,s,0.148866628733244,
2020-03-11,ME,0,42,5,,,47,2020-03-11T20:00:00Z,42,0,0,22,0,22,1344212,ne,0,
2020-03-11,MI,2,57,18,,,77,2020-03-11T20:00:00Z,59,0,0,18,2,20,9986857,mw,0.0200263205931556,
2020-03-11,MN,5,217,,,,222,2020-03-11T20:00:00Z,222,0,0,85,2,87,5639632,mw,0.088658267064234,
2020-03-11,MO,1,,,,,1,2020-03-11T20:00:00Z,1,0,0,0,0,0,6137428,s,0.0162934701637233,
2020-03-11,MS,0,20,,,,20,2020-03-11T20:00:00Z,20,0,0,20,0,20,2976149,s,0,
2020-03-11,MT,0,21,,,,21,2020-03-11T20:00:00Z,21,0,0,6,0,6,1068778,w,0,
2020-03-11,NC,7,,,,,7,2020-03-11T20:00:00Z,7,0,0,0,0,0,10488084,s,0.0667424097671224,
2020-03-11,ND,0,7,6,,,13,2020-03-11T20:00:00Z,7,0,0,1,0,1,762062,mw,0,
2020-03-11,NE,5,47,16,,,68,2020-03-11T20:00:00Z,52,0,0,0,2,2,1934408,mw,0.258477012088453,
2020-03-11,NH,4,38,5,,,47,2020-03-11T20:00:00Z,42,0,0,0,0,0,1359711,ne,0.294180160342896,
2020-03-11,NJ,24,57,20,,1,101,2020-03-11T20:00:00Z,81,1,0,13,9,22,8882190,ne,0.270203632212326,0.0112584846755136
2020-03-11,NM,3,87,,,,90,2020-03-11T20:00:00Z,90,0,0,18,3,21,2096829,w,0.143073183364023,
2020-03-11,NV,5,168,,,,173,2020-03-11T20:00:00Z,173,0,0,154,5,159,3080156,w,0.162329440456912,
2020-03-11,NY,216,92,,,,308,2020-03-11T20:00:00Z,308,0,0,0,43,43,19453561,ne,1.1103365599748,
2020-03-11,OH,4,21,24,,,49,2020-03-11T20:00:00Z,25,0,0,7,1,8,11689100,mw,0.0342199142791147,
2020-03-11,OK,2,15,11,,,28,2020-03-11T20:00:00Z,17,0,0,0,0,0,3956971,s,0.0505437113387993,
2020-03-11,OR,19,286,62,,,367,2020-03-11T20:00:00Z,305,0,0,73,4,77,4217737,w,0.450478538609686,
2020-03-11,PA,15,88,54,,,157,2020-03-11T20:00:00Z,103,0,0,88,3,91,12801989,ne,0.117169292990331,
2020-03-11,RI,5,58,24,,,87,2020-03-11T20:00:00Z,63,0,0,5,2,7,1059361,ne,0.471982638590622,
2020-03-11,SC,9,32,,,,41,2020-03-11T20:00:00Z,41,0,0,8,2,10,5148714,s,0.174800930873224,
2020-03-11,SD,5,13,2,,,20,2020-03-11T20:00:00Z,18,0,0,2,5,7,884659,mw,0.56518952500342,
2020-03-11,TN,7,50,,,,57,2020-03-11T20:00:00Z,57,0,0,50,0,50,6833174,s,0.102441413024167,
2020-03-11,TX,21,,,,,21,2020-03-11T20:00:00Z,21,0,0,0,8,8,28995881,s,0.0724240798201648,
2020-03-11,UT,2,,,,,2,2020-03-11T20:00:00Z,2,0,0,0,0,0,3205958,w,0.0623838490710109,
2020-03-11,VA,9,60,,,,69,2020-03-11T20:00:00Z,69,0,0,7,1,8,8535519,s,0.105441742909834,
2020-03-11,VT,1,62,,,,63,2020-03-11T20:00:00Z,63,0,0,22,0,22,623989,ne,0.160259235339084,
2020-03-11,WA,267,2175,,,24,2442,2020-03-11T20:00:00Z,2442,24,0,1065,105,1170,7614893,w,3.50628695636301,0.315171861246113
2020-03-11,WI,3,43,,,,46,2020-03-11T20:00:00Z,46,0,0,7,1,8,5822434,mw,0.0515248433902385,
2020-03-11,WV,0,3,2,,,5,2020-03-11T20:00:00Z,3,0,0,1,0,1,1792065,s,0,
2020-03-11,WY,0,,,,,0,2020-03-11T20:00:00Z,0,0,0,0,0,0,578759,w,0,
2020-03-10,AK,0,23,9,,,32,2020-03-10T20:00:00Z,23,0,0,0,0,0,731545,w,0,
2020-03-10,AL,0,0,0,,,0,2020-03-10T20:00:00Z,0,0,0,0,0,0,4903185,s,0,
2020-03-10,AR,0,12,3,,,15,2020-03-10T20:00:00Z,12,0,0,0,0,0,3017825,s,0,
2020-03-10,AZ,6,51,27,,,84,2020-03-10T20:00:00Z,57,0,0,7,1,8,7278717,w,0.082432109944651,
2020-03-10,CA,133,690,,,,823,2020-03-10T20:00:00Z,823,0,0,0,19,19,39512223,w,0.336604700778288,
2020-03-10,CO,12,142,1,,,155,2020-03-10T20:00:00Z,154,0,0,9,3,12,5758736,w,0.2083790609606,
2020-03-10,CT,2,54,,,,56,2020-03-10T20:00:00Z,56,0,0,8,1,9,3565287,ne,0.0560964657263216,
2020-03-10,DC,5,17,2,,,24,2020-03-10T20:00:00Z,22,0,0,3,4,7,705749,s,0.7084671745904,
2020-03-10,DE,0,17,3,,,20,2020-03-10T20:00:00Z,17,0,0,2,0,2,973764,s,0,
2020-03-10,FL,19,222,155,,,396,2020-03-10T20:00:00Z,241,0,0,82,1,83,21477737,s,0.0884636961519736,
2020-03-10,GA,17,,,,,17,2020-03-10T20:00:00Z,17,0,0,0,5,5,10617423,s,0.160114182132519,
2020-03-10,HI,2,,,,,2,2020-03-10T20:00:00Z,2,0,0,0,0,0,1415872,w,0.141255706730552,
2020-03-10,IA,8,32,11,,,51,2020-03-10T20:00:00Z,40,0,0,6,5,11,3155070,mw,0.253560142881141,
2020-03-10,ID,0,41,,,,41,2020-03-10T20:00:00Z,41,0,0,0,0,0,1787147,w,0,
2020-03-10,IL,19,244,63,,,326,2020-03-10T20:00:00Z,263,0,0,53,12,65,12671821,mw,0.149938986669714,
2020-03-10,IN,6,30,,,,36,2020-03-10T20:00:00Z,36,0,0,30,4,34,6732219,mw,0.0891236604156817,
2020-03-10,KS,1,17,21,,,39,2020-03-10T20:00:00Z,18,0,0,6,0,6,2913314,mw,0.0343251705789352,
2020-03-10,KY,6,28,,,,34,2020-03-10T20:00:00Z,34,0,0,11,2,13,4467673,s,0.134298101047234,
2020-03-10,LA,1,11,,,,12,2020-03-10T20:00:00Z,12,0,0,6,0,6,4648794,s,0.0215109553144321,
2020-03-10,MA,92,,,,,92,2020-03-10T20:00:00Z,92,0,0,0,51,51,6949503,ne,1.32383567573106,
2020-03-10,MD,6,89,,,,95,2020-03-10T20:00:00Z,95,0,0,16,1,17,6045680,s,0.0992444191554961,
2020-03-10,ME,0,20,5,,,25,2020-03-10T20:00:00Z,20,0,0,19,0,19,1344212,ne,0,
2020-03-10,MI,0,39,24,,,63,2020-03-10T20:00:00Z,39,0,0,3,0,3,9986857,mw,0,
2020-03-10,MN,3,132,,,,135,2020-03-10T20:00:00Z,135,0,0,52,1,53,5639632,mw,0.0531949602385404,
2020-03-10,MO,1,,,,,1,2020-03-10T20:00:00Z,1,0,0,0,0,0,6137428,s,0.0162934701637233,
2020-03-10,MS,0,,,,,0,2020-03-10T20:00:00Z,0,0,0,0,0,0,2976149,s,0,
2020-03-10,MT,0,15,,,,15,2020-03-10T20:00:00Z,15,0,0,4,0,4,1068778,w,0,
2020-03-10,NC,7,,,,,7,2020-03-10T20:00:00Z,7,0,0,0,5,5,10488084,s,0.0667424097671224,
2020-03-10,ND,0,6,2,,,8,2020-03-10T20:00:00Z,6,0,0,6,0,6,762062,mw,0,
2020-03-10,NE,3,47,16,,,66,2020-03-10T20:00:00Z,50,0,0,11,0,11,1934408,mw,0.155086207253072,
2020-03-10,NH,4,38,5,,,47,2020-03-10T20:00:00Z,42,0,0,0,0,0,1359711,ne,0.294180160342896,
2020-03-10,NJ,15,44,20,,,79,2020-03-10T20:00:00Z,59,0,0,9,4,13,8882190,ne,0.168877270132704,
2020-03-10,NM,0,69,,,,69,2020-03-10T20:00:00Z,69,0,0,12,0,12,2096829,w,0,
2020-03-10,NV,0,14,,,,14,2020-03-10T20:00:00Z,14,0,0,0,0,-1,3080156,w,0,
2020-03-10,NY,173,92,,,,265,2020-03-10T20:00:00Z,265,0,0,0,31,31,19453561,ne,0.889297337387227,
2020-03-10,OH,3,14,15,,,32,2020-03-10T20:00:00Z,17,0,0,3,0,3,11689100,mw,0.025664935709336,
2020-03-10,OK,2,15,11,,,28,2020-03-10T20:00:00Z,17,0,0,7,1,8,3956971,s,0.0505437113387993,
2020-03-10,OR,15,213,67,,,295,2020-03-10T20:00:00Z,228,0,0,48,1,49,4217737,w,0.355640951533962,
2020-03-10,PA,12,,,,,12,2020-03-10T20:00:00Z,12,0,0,0,5,5,12801989,ne,0.0937354343922651,
2020-03-10,RI,3,53,6,,,62,2020-03-10T20:00:00Z,56,0,0,0,0,0,1059361,ne,0.283189583154373,
2020-03-10,SC,7,24,,,,31,2020-03-10T20:00:00Z,31,0,0,0,0,0,5148714,s,0.135956279568063,
2020-03-10,SD,0,11,0,,,11,2020-03-10T20:00:00Z,11,0,0,6,0,6,884659,mw,0,
2020-03-10,TN,7,,,,,7,2020-03-10T20:00:00Z,7,0,0,0,4,4,6833174,s,0.102441413024167,
2020-03-10,TX,13,,,,,13,2020-03-10T20:00:00Z,13,0,0,0,1,1,28995881,s,0.0448339541743877,
2020-03-10,UT,2,,,,,2,2020-03-10T20:00:00Z,2,0,0,0,1,1,3205958,w,0.0623838490710109,
2020-03-10,VA,8,53,,,,61,2020-03-10T20:00:00Z,61,0,0,15,5,20,8535519,s,0.0937259936976299,
2020-03-10,VT,1,40,,,,41,2020-03-10T20:00:00Z,41,0,0,6,0,6,623989,ne,0.160259235339084,
2020-03-10,WA,162,1110,,,,1272,2020-03-10T20:00:00Z,1272,0,0,0,26,26,7614893,w,2.12741006341127,
2020-03-10,WI,2,36,,,,38,2020-03-10T20:00:00Z,38,0,0,0,1,1,5822434,mw,0.0343498955934923,
2020-03-10,WV,0,2,3,,,5,2020-03-10T20:00:00Z,2,0,0,0,0,0,1792065,s,0,
2020-03-10,WY,0,0,0,,,0,2020-03-10T20:00:00Z,0,0,0,0,0,0,578759,w,0,
2020-03-09,AK,0,23,9,,,32,2020-03-09T20:00:00Z,23,0,0,9,0,9,731545,w,0,
2020-03-09,AL,0,,,,,0,2020-03-09T20:00:00Z,0,0,0,0,0,0,4903185,s,0,
2020-03-09,AR,0,12,0,,,12,2020-03-09T20:00:00Z,12,0,0,6,0,6,3017825,s,0,
2020-03-09,AZ,5,44,7,,,56,2020-03-09T20:00:00Z,49,0,0,0,0,0,7278717,w,0.0686934249538758,
2020-03-09,CA,114,690,,,,804,2020-03-09T20:00:00Z,804,0,0,228,26,254,39512223,w,0.288518314952819,
2020-03-09,CO,9,133,,,,142,2020-03-09T20:00:00Z,142,0,0,29,1,30,5758736,w,0.15628429572045,
2020-03-09,CT,1,46,,,,47,2020-03-09T20:00:00Z,47,0,0,17,0,17,3565287,ne,0.0280482328631608,
2020-03-09,DC,1,14,3,,,18,2020-03-09T20:00:00Z,15,0,0,4,0,4,705749,s,0.14169343491808,
2020-03-09,DE,0,15,3,,,18,2020-03-09T20:00:00Z,15,0,0,5,0,5,973764,s,0,
2020-03-09,FL,18,140,115,,,273,2020-03-09T20:00:00Z,158,0,0,22,1,23,21477737,s,0.0838077121439749,
2020-03-09,GA,12,,,,,12,2020-03-09T20:00:00Z,12,0,0,0,5,5,10617423,s,0.113021775622955,
2020-03-09,HI,2,,,,,2,2020-03-09T20:00:00Z,2,0,0,0,1,1,1415872,w,0.141255706730552,
2020-03-09,IA,3,26,8,,,37,2020-03-09T20:00:00Z,29,0,0,11,3,14,3155070,mw,0.0950850535804277,
2020-03-09,ID,0,41,,,,41,2020-03-09T20:00:00Z,41,0,0,14,0,14,1787147,w,0,
2020-03-09,IL,7,191,44,,,242,2020-03-09T20:00:00Z,198,0,0,0,1,1,12671821,mw,0.0552406792993683,
2020-03-09,IN,2,,,,,2,2020-03-09T20:00:00Z,2,0,0,0,0,0,6732219,mw,0.0297078868052272,
2020-03-09,KS,1,11,0,,,12,2020-03-09T20:00:00Z,12,0,0,0,0,0,2913314,mw,0.0343251705789352,
2020-03-09,KY,4,17,,,,21,2020-03-09T20:00:00Z,21,0,0,4,3,7,4467673,s,0.0895320673648228,
2020-03-09,LA,1,5,,,,6,2020-03-09T20:00:00Z,6,0,0,0,1,1,4648794,s,0.0215109553144321,
2020-03-09,MA,41,,,,,41,2020-03-09T20:00:00Z,41,0,0,0,28,28,6949503,ne,0.589970246793188,
2020-03-09,MD,5,73,,,,78,2020-03-09T20:00:00Z,78,0,0,21,2,23,6045680,s,0.0827036826295801,
2020-03-09,ME,0,1,,,,1,2020-03-09T20:00:00Z,1,0,0,0,0,0,1344212,ne,0,
2020-03-09,MI,0,36,11,,,47,2020-03-09T20:00:00Z,36,0,0,10,0,10,9986857,mw,0,
2020-03-09,MN,2,80,,,,82,2020-03-09T20:00:00Z,82,0,0,32,1,33,5639632,mw,0.0354633068256936,
2020-03-09,MO,1,,,,,1,2020-03-09T20:00:00Z,1,0,0,0,0,0,6137428,s,0.0162934701637233,
2020-03-09,MS,0,,,,,0,2020-03-09T20:00:00Z,0,0,0,0,0,0,2976149,s,0,
2020-03-09,MT,0,11,0,,,11,2020-03-09T20:00:00Z,11,0,0,0,0,0,1068778,w,0,
2020-03-09,NC,2,,,,,2,2020-03-09T20:00:00Z,2,0,0,0,0,0,10488084,s,0.0190692599334635,
2020-03-09,ND,0,0,,,,0,2020-03-09T20:00:00Z,0,0,0,0,0,0,762062,mw,0,
2020-03-09,NE,3,36,9,,,48,2020-03-09T20:00:00Z,39,0,0,19,2,21,1934408,mw,0.155086207253072,
2020-03-09,NH,4,38,5,,,47,2020-03-09T20:00:00Z,42,0,0,0,0,0,1359711,ne,0.294180160342896,
2020-03-09,NJ,11,35,14,,,60,2020-03-09T20:00:00Z,46,0,0,4,5,9,8882190,ne,0.123843331430649,
2020-03-09,NM,0,57,0,,,57,2020-03-09T20:00:00Z,57,0,0,9,0,9,2096829,w,0,
2020-03-09,NV,1,14,,,,15,2020-03-09T20:00:00Z,15,0,0,0,0,0,3080156,w,0.0324658880913824,
2020-03-09,NY,142,92,,,,234,2020-03-09T20:00:00Z,234,0,0,0,37,37,19453561,ne,0.729943479242695,
2020-03-09,OH,3,11,5,,,19,2020-03-09T20:00:00Z,14,0,0,1,3,4,11689100,mw,0.025664935709336,
2020-03-09,OK,1,8,10,,,19,2020-03-09T20:00:00Z,9,0,0,0,0,0,3956971,s,0.0252718556693997,
2020-03-09,OR,14,165,52,,,231,2020-03-09T20:00:00Z,179,0,0,65,0,65,4217737,w,0.331931554765032,
2020-03-09,PA,7,,,,,7,2020-03-09T20:00:00Z,7,0,0,0,3,3,12801989,ne,0.054679003395488,
2020-03-09,RI,3,53,6,,,62,2020-03-09T20:00:00Z,56,0,0,23,0,23,1059361,ne,0.283189583154373,
2020-03-09,SC,7,24,,,,31,2020-03-09T20:00:00Z,31,0,0,16,5,21,5148714,s,0.135956279568063,
2020-03-09,SD,0,5,0,,,5,2020-03-09T20:00:00Z,5,0,0,0,0,0,884659,mw,0,
2020-03-09,TN,3,,,,,3,2020-03-09T20:00:00Z,3,0,0,0,0,0,6833174,s,0.043903462724643,
2020-03-09,TX,12,,,,,12,2020-03-09T20:00:00Z,12,0,0,0,4,4,28995881,s,0.0413851884686656,
2020-03-09,UT,1,,,,,1,2020-03-09T20:00:00Z,1,0,0,0,0,0,3205958,w,0.0311919245355055,
2020-03-09,VA,3,38,9,,,50,2020-03-09T20:00:00Z,41,0,0,2,1,3,8535519,s,0.0351472476366112,
2020-03-09,VT,1,34,,,,35,2020-03-09T20:00:00Z,35,0,0,6,0,6,623989,ne,0.160259235339084,
2020-03-09,WA,136,1110,,,,1246,2020-03-09T20:00:00Z,1246,0,0,470,34,504,7614893,w,1.78597388039464,
2020-03-09,WI,1,36,,,,37,2020-03-09T20:00:00Z,37,0,0,5,0,5,5822434,mw,0.0171749477967462,
2020-03-09,WV,0,2,3,,,5,2020-03-09T20:00:00Z,2,0,0,0,0,0,1792065,s,0,
2020-03-09,WY,0,,,,,0,2020-03-09T20:00:00Z,0,0,0,0,0,0,578759,w,0,
2020-03-08,AK,0,14,6,,,20,2020-03-08T20:00:00Z,14,0,0,2,0,2,731545,w,0,
2020-03-08,AL,0,,,,,0,2020-03-08T20:00:00Z,0,0,0,0,0,0,4903185,s,0,
2020-03-08,AR,0,6,0,,,6,2020-03-08T20:00:00Z,6,0,0,0,0,0,3017825,s,0,
2020-03-08,AZ,5,44,7,,,56,2020-03-08T20:00:00Z,49,0,0,0,0,0,7278717,w,0.0686934249538758,
2020-03-08,CA,88,462,,,,550,2020-03-08T20:00:00Z,550,0,0,0,19,19,39512223,w,0.222715892244281,
2020-03-08,CO,8,104,,,,112,2020-03-08T20:00:00Z,112,0,0,49,0,49,5758736,w,0.138919373973733,
2020-03-08,CT,1,29,8,,,38,2020-03-08T20:00:00Z,30,0,0,29,1,30,3565287,ne,0.0280482328631608,
2020-03-08,DC,1,10,0,,,11,2020-03-08T20:00:00Z,11,0,0,2,1,3,705749,s,0.14169343491808,
2020-03-08,DE,0,10,0,,,10,2020-03-08T20:00:00Z,10,0,0,0,0,0,973764,s,0,
2020-03-08,FL,17,118,108,,,243,2020-03-08T20:00:00Z,135,0,0,18,3,21,21477737,s,0.0791517281359763,
2020-03-08,GA,7,,,,,7,2020-03-08T20:00:00Z,7,0,0,0,1,1,10617423,s,0.0659293691133903,
2020-03-08,HI,1,,,,,1,2020-03-08T20:00:00Z,1,0,0,0,0,0,1415872,w,0.070627853365276,
2020-03-08,IA,0,15,2,,,17,2020-03-08T20:00:00Z,15,0,0,0,0,0,3155070,mw,0,
2020-03-08,ID,0,27,,,,27,2020-03-08T20:00:00Z,27,0,0,0,0,0,1787147,w,0,
2020-03-08,IL,6,191,44,,,241,2020-03-08T20:00:00Z,197,0,0,0,0,0,12671821,mw,0.0473491536851728,
2020-03-08,IN,2,,,,,2,2020-03-08T20:00:00Z,2,0,0,0,1,1,6732219,mw,0.0297078868052272,
2020-03-08,KS,1,11,0,,,12,2020-03-08T20:00:00Z,12,0,0,0,1,1,2913314,mw,0.0343251705789352,
2020-03-08,KY,1,13,,,,14,2020-03-08T20:00:00Z,14,0,0,4,0,4,4467673,s,0.0223830168412057,
2020-03-08,LA,0,5,,,,5,2020-03-08T20:00:00Z,5,0,0,5,0,5,4648794,s,0,
2020-03-08,MA,13,,,,,13,2020-03-08T20:00:00Z,13,0,0,0,0,0,6949503,ne,0.187063736788084,
2020-03-08,MD,3,52,,,,55,2020-03-08T20:00:00Z,55,0,0,11,0,11,6045680,s,0.0496222095777481,
2020-03-08,ME,0,1,,,,1,2020-03-08T20:00:00Z,1,0,0,0,0,0,1344212,ne,0,
2020-03-08,MI,0,26,10,,,36,2020-03-08T20:00:00Z,26,0,0,8,0,8,9986857,mw,0,
2020-03-08,MN,1,48,,,,49,2020-03-08T20:00:00Z,49,0,0,0,0,0,5639632,mw,0.0177316534128468,
2020-03-08,MO,1,,,,,1,2020-03-08T20:00:00Z,1,0,0,0,1,1,6137428,s,0.0162934701637233,
2020-03-08,MS,0,,,,,0,2020-03-08T20:00:00Z,0,0,0,0,0,0,2976149,s,0,
2020-03-08,MT,0,11,,,,11,2020-03-08T20:00:00Z,11,0,0,0,0,0,1068778,w,0,
2020-03-08,NC,2,,,,,2,2020-03-08T20:00:00Z,2,0,0,0,0,0,10488084,s,0.0190692599334635,
2020-03-08,ND,0,0,,,,0,2020-03-08T20:00:00Z,0,0,0,0,0,0,762062,mw,0,
2020-03-08,NE,1,17,5,,,23,2020-03-08T20:00:00Z,18,0,0,0,0,0,1934408,mw,0.0516954024176906,
2020-03-08,NH,4,38,5,,,47,2020-03-08T20:00:00Z,42,0,0,18,2,20,1359711,ne,0.294180160342896,
2020-03-08,NJ,6,31,0,,,37,2020-03-08T20:00:00Z,37,0,0,31,2,33,8882190,ne,0.0675509080530815,
2020-03-08,NM,0,48,0,,,48,2020-03-08T20:00:00Z,48,0,0,0,0,0,2096829,w,0,
2020-03-08,NV,1,14,,,,15,2020-03-08T20:00:00Z,15,0,0,0,0,0,3080156,w,0.0324658880913824,
2020-03-08,NY,105,92,,,,197,2020-03-08T20:00:00Z,197,0,0,0,29,29,19453561,ne,0.539746938876641,
2020-03-08,OH,0,10,4,,,14,2020-03-08T20:00:00Z,10,0,0,1,0,1,11689100,mw,0,
2020-03-08,OK,1,8,2,,,11,2020-03-08T20:00:00Z,9,0,0,8,0,8,3956971,s,0.0252718556693997,
2020-03-08,OR,14,100,53,,,167,2020-03-08T20:00:00Z,114,0,0,23,7,30,4217737,w,0.331931554765032,
2020-03-08,PA,4,,,,,4,2020-03-08T20:00:00Z,4,0,0,0,2,2,12801989,ne,0.0312451447974217,
2020-03-08,RI,3,30,12,,,45,2020-03-08T20:00:00Z,33,0,0,30,1,31,1059361,ne,0.283189583154373,
2020-03-08,SC,2,8,,,,10,2020-03-08T20:00:00Z,10,0,0,0,0,0,5148714,s,0.0388446513051609,
2020-03-08,SD,0,5,0,,,5,2020-03-08T20:00:00Z,5,0,0,0,0,0,884659,mw,0,
2020-03-08,TN,3,,,,,3,2020-03-08T20:00:00Z,3,0,0,0,2,2,6833174,s,0.043903462724643,
2020-03-08,TX,8,,,,,8,2020-03-08T20:00:00Z,8,0,0,0,0,0,28995881,s,0.0275901256457771,
2020-03-08,UT,1,,,,,1,2020-03-08T20:00:00Z,1,0,0,0,0,0,3205958,w,0.0311919245355055,
2020-03-08,VA,2,36,6,,,44,2020-03-08T20:00:00Z,38,0,0,5,2,7,8535519,s,0.0234314984244075,
2020-03-08,VT,1,28,,,,29,2020-03-08T20:00:00Z,29,0,0,12,1,13,623989,ne,0.160259235339084,
2020-03-08,WA,102,640,60,,,802,2020-03-08T20:00:00Z,742,0,0,270,0,270,7614893,w,1.33948041029598,
2020-03-08,WI,1,31,12,,,44,2020-03-08T20:00:00Z,32,0,0,0,0,0,5822434,mw,0.0171749477967462,
2020-03-08,WV,0,2,3,,,5,2020-03-08T20:00:00Z,2,0,0,0,0,0,1792065,s,0,
2020-03-08,WY,0,,,,,0,2020-03-08T20:00:00Z,0,0,0,0,0,0,578759,w,0,
2020-03-07,AK,0,12,2,,,14,2020-03-07T21:00:00Z,12,0,0,4,0,4,731545,w,0,
2020-03-07,AL,0,,,,,0,2020-03-07T21:00:00Z,0,,,,,,4903185,s,0,
2020-03-07,AR,0,6,0,,,6,2020-03-07T21:00:00Z,6,0,0,0,0,0,3017825,s,0,
2020-03-07,AZ,5,44,7,,,56,2020-03-07T21:00:00Z,49,0,0,11,2,13,7278717,w,0.0686934249538758,
2020-03-07,CA,69,462,,,,531,2020-03-07T21:00:00Z,531,0,0,0,9,9,39512223,w,0.174629506418811,
2020-03-07,CO,8,55,69,,,132,2020-03-07T21:00:00Z,63,0,0,9,6,15,5758736,w,0.138919373973733,
2020-03-07,CT,0,,,,,0,2020-03-07T21:00:00Z,0,,,,,,3565287,ne,0,
2020-03-07,DC,0,8,1,,,9,2020-03-07T21:00:00Z,8,0,0,0,0,0,705749,s,0,
2020-03-07,DE,0,10,0,,,10,2020-03-07T21:00:00Z,10,0,0,0,0,0,973764,s,0,
2020-03-07,FL,14,100,88,,,202,2020-03-07T21:00:00Z,114,0,0,45,5,50,21477737,s,0.0651837761119805,
2020-03-07,GA,6,,,,,6,2020-03-07T21:00:00Z,6,0,0,0,4,4,10617423,s,0.0565108878114774,
2020-03-07,HI,1,,,,,1,2020-03-07T21:00:00Z,1,,,,,,1415872,w,0.070627853365276,
2020-03-07,IA,0,15,2,,,17,2020-03-07T21:00:00Z,15,0,0,0,0,0,3155070,mw,0,
2020-03-07,ID,0,27,,,,27,2020-03-07T21:00:00Z,27,,,,,,1787147,w,0,
2020-03-07,IL,6,191,44,,,241,2020-03-07T21:00:00Z,197,0,0,11,1,12,12671821,mw,0.0473491536851728,
2020-03-07,IN,1,,,,,1,2020-03-07T21:00:00Z,1,0,0,0,0,0,6732219,mw,0.0148539434026136,
2020-03-07,KS,0,11,2,,,13,2020-03-07T21:00:00Z,11,0,0,7,0,7,2913314,mw,0,
2020-03-07,KY,1,9,,,,10,2020-03-07T21:00:00Z,10,0,0,2,1,3,4467673,s,0.0223830168412057,
2020-03-07,LA,0,,,,,0,2020-03-07T21:00:00Z,0,,,,,,4648794,s,0,
2020-03-07,MA,13,,,,,13,2020-03-07T21:00:00Z,13,0,0,0,5,5,6949503,ne,0.187063736788084,
2020-03-07,MD,3,41,,,,44,2020-03-07T21:00:00Z,44,0,0,15,0,15,6045680,s,0.0496222095777481,
2020-03-07,ME,0,1,,,,1,2020-03-07T21:00:00Z,1,,,,,,1344212,ne,0,
2020-03-07,MI,0,18,9,,,27,2020-03-07T21:00:00Z,18,0,0,10,0,10,9986857,mw,0,
2020-03-07,MN,1,48,,,,49,2020-03-07T21:00:00Z,49,0,0,12,1,13,5639632,mw,0.0177316534128468,
2020-03-07,MO,0,,,,,0,2020-03-07T21:00:00Z,0,,,,,,6137428,s,0,
2020-03-07,MS,0,,,,,0,2020-03-07T21:00:00Z,0,,,,,,2976149,s,0,
2020-03-07,MT,0,11,,,,11,2020-03-07T21:00:00Z,11,,,,,,1068778,w,0,
2020-03-07,NC,2,,,,,2,2020-03-07T21:00:00Z,2,0,0,0,0,0,10488084,s,0.0190692599334635,
2020-03-07,ND,0,0,,,,0,2020-03-07T21:00:00Z,0,,,,,,762062,mw,0,
2020-03-07,NE,1,17,5,,,23,2020-03-07T21:00:00Z,18,0,0,0,1,1,1934408,mw,0.0516954024176906,
2020-03-07,NH,2,20,3,,,25,2020-03-07T21:00:00Z,22,0,0,0,0,0,1359711,ne,0.147090080171448,
2020-03-07,NJ,4,,1,,,5,2020-03-07T21:00:00Z,4,0,0,0,3,3,8882190,ne,0.0450339387020543,
2020-03-07,NM,0,48,0,,,48,2020-03-07T21:00:00Z,48,0,0,32,0,32,2096829,w,0,
2020-03-07,NV,1,14,,,,15,2020-03-07T21:00:00Z,15,0,0,0,0,0,3080156,w,0.0324658880913824,
2020-03-07,NY,76,92,236,,,404,2020-03-07T21:00:00Z,168,0,0,0,43,43,19453561,ne,0.390673974805949,
2020-03-07,OH,0,9,5,,,14,2020-03-07T21:00:00Z,9,0,0,1,0,1,11689100,mw,0,
2020-03-07,OK,1,,,,,1,2020-03-07T21:00:00Z,1,,,,,,3956971,s,0.0252718556693997,
2020-03-07,OR,7,77,40,,,124,2020-03-07T21:00:00Z,84,0,0,13,4,17,4217737,w,0.165965777382516,
2020-03-07,PA,2,,,,,2,2020-03-07T21:00:00Z,2,0,0,0,0,0,12801989,ne,0.0156225723987109,
2020-03-07,RI,2,,,,,2,2020-03-07T21:00:00Z,2,,,,,,1059361,ne,0.188793055436249,
2020-03-07,SC,2,8,,,,10,2020-03-07T21:00:00Z,10,0,0,3,2,5,5148714,s,0.0388446513051609,
2020-03-07,SD,0,5,0,,,5,2020-03-07T21:00:00Z,5,,,,,,884659,mw,0,
2020-03-07,TN,1,,,,,1,2020-03-07T21:00:00Z,1,0,0,0,0,0,6833174,s,0.014634487574881,
2020-03-07,TX,8,,,,,8,2020-03-07T21:00:00Z,8,0,0,0,3,3,28995881,s,0.0275901256457771,
2020-03-07,UT,1,,,,,1,2020-03-07T21:00:00Z,1,,,,,,3205958,w,0.0311919245355055,
2020-03-07,VA,0,31,7,,,38,2020-03-07T21:00:00Z,31,0,0,10,0,10,8535519,s,0,
2020-03-07,VT,0,16,,,,16,2020-03-07T21:00:00Z,16,0,0,8,0,8,623989,ne,0,
2020-03-07,WA,102,370,66,,,538,2020-03-07T21:00:00Z,472,0,0,0,23,23,7614893,w,1.33948041029598,
2020-03-07,WI,1,31,12,,,44,2020-03-07T21:00:00Z,32,0,0,0,0,0,5822434,mw,0.0171749477967462,
2020-03-07,WV,0,2,3,,,5,2020-03-07T21:00:00Z,2,0,0,1,0,1,1792065,s,0,
2020-03-07,WY,0,,,,,0,2020-03-07T21:00:00Z,0,,,,,,578759,w,0,
2020-03-06,AK,0,8,1,,,9,2020-03-06T21:00:00Z,8,,,,,,731545,w,0,
2020-03-06,AR,0,6,0,,,6,2020-03-06T21:00:00Z,6,,,,,,3017825,s,0,
2020-03-06,AZ,3,33,15,,,51,2020-03-06T21:00:00Z,36,0,0,5,1,6,7278717,w,0.0412160549723255,
2020-03-06,CA,60,462,,,,522,2020-03-06T21:00:00Z,522,0,0,0,7,7,39512223,w,0.15185174471201,
2020-03-06,CO,2,46,30,,,78,2020-03-06T21:00:00Z,48,0,0,27,2,29,5758736,w,0.0347298434934333,
2020-03-06,DC,0,8,1,,,9,2020-03-06T21:00:00Z,8,0,0,2,0,2,705749,s,0,
2020-03-06,DE,0,10,0,,,10,2020-03-06T21:00:00Z,10,,,,,,973764,s,0,
2020-03-06,FL,9,55,51,,,115,2020-03-06T21:00:00Z,64,0,0,24,0,24,21477737,s,0.0419038560719875,
2020-03-06,GA,2,,,,,2,2020-03-06T21:00:00Z,2,0,0,0,0,0,10617423,s,0.0188369626038258,
2020-03-06,IA,0,15,2,,,17,2020-03-06T21:00:00Z,15,,,,,,3155070,mw,0,
2020-03-06,IL,5,180,35,,,220,2020-03-06T21:00:00Z,185,0,0,15,0,15,12671821,mw,0.0394576280709773,
2020-03-06,IN,1,,,,,1,2020-03-06T21:00:00Z,1,,,,,,6732219,mw,0.0148539434026136,
2020-03-06,KS,0,4,0,,,4,2020-03-06T21:00:00Z,4,,,,,,2913314,mw,0,
2020-03-06,KY,0,7,3,,,10,2020-03-06T21:00:00Z,7,,,,,,4467673,s,0,
2020-03-06,MA,8,,,,,8,2020-03-06T21:00:00Z,8,0,0,0,6,6,6949503,ne,0.115116145715744,
2020-03-06,MD,3,26,12,,,41,2020-03-06T21:00:00Z,29,0,0,9,3,12,6045680,s,0.0496222095777481,
2020-03-06,MI,0,8,8,,,16,2020-03-06T21:00:00Z,8,0,0,0,0,0,9986857,mw,0,
2020-03-06,MN,0,36,,,,36,2020-03-06T21:00:00Z,36,,,,,,5639632,mw,0,
2020-03-06,NC,2,,,,,2,2020-03-06T21:00:00Z,2,0,0,0,1,1,10488084,s,0.0190692599334635,
2020-03-06,NE,0,17,5,,,22,2020-03-06T21:00:00Z,17,0,0,0,0,0,1934408,mw,0,
2020-03-06,NH,2,20,3,,,25,2020-03-06T21:00:00Z,22,0,0,4,0,4,1359711,ne,0.147090080171448,
2020-03-06,NJ,1,,,,,1,2020-03-06T21:00:00Z,1,0,0,0,0,0,8882190,ne,0.0112584846755136,
2020-03-06,NM,0,16,0,,,16,2020-03-06T21:00:00Z,16,,,,,,2096829,w,0,
2020-03-06,NV,1,14,,,,15,2020-03-06T21:00:00Z,15,0,0,0,0,0,3080156,w,0.0324658880913824,
2020-03-06,NY,33,92,236,,,361,2020-03-06T21:00:00Z,125,0,0,16,11,27,19453561,ne,0.169634752218373,
2020-03-06,OH,0,8,2,,,10,2020-03-06T21:00:00Z,8,0,0,1,0,1,11689100,mw,0,
2020-03-06,OR,3,64,28,,,95,2020-03-06T21:00:00Z,67,0,0,19,0,19,4217737,w,0.0711281903067925,
2020-03-06,PA,2,,,,,2,2020-03-06T21:00:00Z,2,,,,,,12801989,ne,0.0156225723987109,
2020-03-06,SC,0,5,0,,,5,2020-03-06T21:00:00Z,5,0,0,0,0,0,5148714,s,0,
2020-03-06,TN,1,,,,,1,2020-03-06T21:00:00Z,1,0,0,0,0,0,6833174,s,0.014634487574881,
2020-03-06,TX,5,,,,,5,2020-03-06T21:00:00Z,5,0,0,0,4,4,28995881,s,0.0172438285286107,
2020-03-06,VA,0,21,10,,,31,2020-03-06T21:00:00Z,21,0,0,3,0,3,8535519,s,0,
2020-03-06,VT,0,8,,,,8,2020-03-06T21:00:00Z,8,,,,,,623989,ne,0,
2020-03-06,WA,79,370,,,,449,2020-03-06T21:00:00Z,449,0,0,370,9,379,7614893,w,1.03744070993512,
2020-03-06,WI,1,31,12,,,44,2020-03-06T21:00:00Z,32,0,0,12,0,12,5822434,mw,0.0171749477967462,
2020-03-06,WV,0,1,4,,,5,2020-03-06T21:00:00Z,1,,,,,,1792065,s,0,
2020-03-05,AZ,2,28,6,,,36,2020-03-05T21:00:00Z,30,0,0,1,0,1,7278717,w,0.0274773699815503,
2020-03-05,CA,53,462,,,,515,2020-03-05T21:00:00Z,515,0,0,0,0,0,39512223,w,0.134135707828942,
2020-03-05,CO,0,19,21,,,40,2020-03-05T21:00:00Z,19,,,,,,5758736,w,0,
2020-03-05,DC,0,6,2,,,8,2020-03-05T21:00:00Z,6,,,,,,705749,s,0,
2020-03-05,FL,9,31,69,,,109,2020-03-05T21:00:00Z,40,0,0,7,7,14,21477737,s,0.0419038560719875,
2020-03-05,GA,2,,,,,2,2020-03-05T21:00:00Z,2,0,0,0,0,0,10617423,s,0.0188369626038258,
2020-03-05,IL,5,165,27,,,197,2020-03-05T21:00:00Z,170,0,0,41,1,42,12671821,mw,0.0394576280709773,
2020-03-05,MA,2,,,,,2,2020-03-05T21:00:00Z,2,0,0,0,0,0,6949503,ne,0.028779036428936,
2020-03-05,MD,0,17,14,,,31,2020-03-05T21:00:00Z,17,,,,,,6045680,s,0,
2020-03-05,MI,0,8,0,,,8,2020-03-05T21:00:00Z,8,,,,,,9986857,mw,0,
2020-03-05,NC,1,,,,,1,2020-03-05T21:00:00Z,1,0,0,0,0,0,10488084,s,0.00953462996673177,
2020-03-05,NE,0,17,5,,,22,2020-03-05T21:00:00Z,17,,,,,,1934408,mw,0,
2020-03-05,NH,2,16,4,,,22,2020-03-05T21:00:00Z,18,0,0,6,0,6,1359711,ne,0.147090080171448,
2020-03-05,NJ,1,,,,,1,2020-03-05T21:00:00Z,1,,,,,,8882190,ne,0.0112584846755136,
2020-03-05,NV,1,14,,,,15,2020-03-05T21:00:00Z,15,,,,,,3080156,w,0.0324658880913824,
2020-03-05,NY,22,76,24,,,122,2020-03-05T21:00:00Z,98,0,0,28,16,44,19453561,ne,0.113089834812249,
2020-03-05,OH,0,7,3,,,10,2020-03-05T21:00:00Z,7,,,,,,11689100,mw,0,
2020-03-05,OR,3,45,13,,,61,2020-03-05T21:00:00Z,48,0,0,16,0,16,4217737,w,0.0711281903067925,
2020-03-05,SC,0,5,0,,,5,2020-03-05T21:00:00Z,5,0,0,0,0,0,5148714,s,0,
2020-03-05,TN,1,,,,,1,2020-03-05T21:00:00Z,1,,,,,,6833174,s,0.014634487574881,
2020-03-05,TX,1,,,,,1,2020-03-05T21:00:00Z,1,0,0,0,0,0,28995881,s,0.00344876570572213,
2020-03-05,VA,0,18,3,,,21,2020-03-05T21:00:00Z,18,,,,,,8535519,s,0,
2020-03-05,WA,70,,,,,70,2020-03-05T21:00:00Z,70,0,0,0,31,31,7614893,w,0.919251261967831,
2020-03-05,WI,1,19,6,,,26,2020-03-05T21:00:00Z,20,0,0,0,0,0,5822434,mw,0.0171749477967462,
2020-03-04,AZ,2,27,5,,,34,2020-03-04T21:00:00Z,29,,,,,,7278717,w,0.0274773699815503,
2020-03-04,CA,53,462,,,,515,2020-03-04T21:00:00Z,515,,,,,,39512223,w,0.134135707828942,
2020-03-04,FL,2,24,16,,,42,2020-03-04T21:00:00Z,26,,,,,,21477737,s,0.00931196801599722,
2020-03-04,GA,2,,,,,2,2020-03-04T21:00:00Z,2,,,,,,10617423,s,0.0188369626038258,
2020-03-04,IL,4,124,27,,,155,2020-03-04T21:00:00Z,128,,,,,,12671821,mw,0.0315661024567819,
2020-03-04,MA,2,,,,,2,2020-03-04T21:00:00Z,2,,,,,,6949503,ne,0.028779036428936,
2020-03-04,NC,1,,,,,1,2020-03-04T21:00:00Z,1,,,,,,10488084,s,0.00953462996673177,
2020-03-04,NH,2,10,7,,,19,2020-03-04T21:00:00Z,12,,,,,,1359711,ne,0.147090080171448,
2020-03-04,NY,6,48,24,,,78,2020-03-04T21:00:00Z,54,,,,,,19453561,ne,0.0308426822215223,
2020-03-04,OR,3,29,18,,,50,2020-03-04T21:00:00Z,32,,,,,,4217737,w,0.0711281903067925,
2020-03-04,SC,0,5,0,,,5,2020-03-04T21:00:00Z,5,,,,,,5148714,s,0,
2020-03-04,TX,1,,,,,1,2020-03-04T21:00:00Z,1,,,,,,28995881,s,0.00344876570572213,
2020-03-04,WA,39,,,,,39,2020-03-04T21:00:00Z,39,,,,,,7614893,w,0.512154274524934,
2020-03-04,WI,1,19,6,,,26,2020-03-04T21:00:00Z,20,,,,,,5822434,mw,0.0171749477967462,
