state,county,population,lat,long
WA,Kitsap,269805,47.6719585,-122.7433825
CA,Solano,446610,38.2871145,-122.0001255
CA,Santa Cruz,274255,37.0683515,-121.949418
CA,Napa,139417,38.5095905,-122.35855
CA,Ventura,850967,34.058353,-119.1057185
MA,Worcester,830839,42.364811,-71.8970565
GA,Gwinnett,927781,33.9603405,-84.037963
GA,DeKalb,756558,33.7950005,-84.1869685
KY,Floyd,35845,37.520775,-82.754252
GA,Fayette,113459,33.4037165,-84.504039
TX,Gregg,123707,32.5138005,-94.783077
NJ,Monmouth,621354,40.2778005,-74.2928135
NJ,Burlington,445384,39.8658955,-74.7249495
NJ,Camden,507078,39.800549,-74.9381575
NJ,Passaic,503310,41.0114805,-74.304839
NJ,Union,558067,40.665566,-74.300027
CO,Eagle,54895,39.6373275,-106.645068
CO,Larimer,350424,40.628047,-105.5669625
CO,Arapahoe,651513,39.6533655,-104.3803435
CO,Gunnison,17182,38.702179,-106.94099
IL,Kane,534216,41.9369435,-88.419968
PA,Monroe,169507,41.0334235,-75.308198
PA,Philadelphia,1584138,40.0018505,-75.116323
MD,Prince George's,909308,38.8331695,-76.87822
IA,Pottawattamie,93533,41.3330975,-95.5872695
SC,Kershaw,65592,34.3418685,-80.5825535
AZ,Pima,1039073,31.9699695,-111.890835
IN,Noble,47532,41.3952975,-85.4234205
PA,Adams,102811,39.8948875,-77.2130085
IN,Boone,66999,40.051774,-86.4677715
WI,Dane,542364,43.069541,-89.4235435
WI,Pierce,42555,44.7007885,-92.471595
OH,Cuyahoga,1243857,41.453196,-81.673017
UT,Weber,256359,41.2552205,-111.9569765
VT,Bennington,,43.0279,-73.135
MN,Carver,103551,44.809337,-93.7663335
FL,Charlotte,184998,26.902401,-81.9689695
GA,Cherokee,254149,34.242944,-84.45841
TX,Collin,1005146,33.193628,-96.569696
KY,Jefferson,770517,38.189522,-85.6764645
LA,Jefferson,,29.6499,-90.1121
CA,Shasta,180040,40.7359105,-122.192699
SC,Spartanburg,313888,34.8881375,-81.969116
KY,Harrison,18778,38.4299455,-84.3297375
IA,Johnson,151260,41.6426345,-91.5995785
MA,Berkshire,126348,42.3929005,-73.22845
TN,Davidson,692587,36.18686,-86.7851325
OR,Douglas,110283,43.3222345,-123.0963585
CA,Fresno,994400,36.7464615,-119.6396585
MD,Harford,253956,39.5117065,-76.315203
IN,Hendricks,167009,39.762399,-86.510613
NJ,Hudson,676061,40.732722,-74.0754045
KS,Johnson,597555,38.899655,-94.8319645
WA,Kittitas,47364,47.167153,-120.688514
FL,Manatee,394855,27.4272245,-82.4000485
OR,Marion,346868,44.984239,-122.4575375
FL,Okaloosa,207269,30.6877635,-86.5944645
GA,Polk,42470,33.99994,-85.1722975
CA,Riverside,2450758,33.7528295,-116.0556175
TN,Shelby,935764,35.2013885,-89.971537
MO,St. Louis,996945,38.639327,-90.427013
NY,Suffolk,1481093,40.9499955,-72.6766375
NY,Ulster,178599,41.878801,-74.345684
FL,Volusia,547538,29.0200235,-81.2065735
NH,Rockingham,309176,43.0058955,-71.0775545
PA,Montgomery,828604,40.211977,-75.355924
CA,Alameda,1666753,37.6801065,-121.9024445
FL,Broward,1951260,26.1561005,-80.478035
FL,Lee,754610,26.5528805,-81.9169395
AZ,Pinal,447138,32.983735,-111.3260815
NY,Rockland,325695,41.160945,-74.0608265
NY,Saratoga,230163,43.0867325,-73.866721
SC,Charleston,405905,32.8643955,-79.8540075
WA,Clark,481857,45.801251,-122.5203415
GA,Cobb,756865,33.911453,-84.5571895
UT,Davis,351713,40.9630955,-112.115984
CO,El Paso,714536,38.824694,-104.5619235
HI,Honolulu,980080,21.485202,-157.965655
OR,Jackson,219564,42.4995805,-122.756742
WA,Jefferson,31729,47.8304245,-123.610552
OR,Klamath,67653,42.804976,-121.584916
CA,Madera,157672,37.2735465,-119.7828125
WA,Pierce,891299,47.066154,-122.103198
OK,Tulsa,648360,36.139793,-96.029769
CO,Douglas,342937,39.34788,-104.994923
RI,Providence,636084,41.8716835,-71.558516
NC,Chatham,73139,35.6959365,-79.231033
PA,Delaware,564751,39.9336645,-75.404395
NE,Douglas,566880,41.291619,-96.1711045
KY,Fayette,323780,38.0286565,-84.472608
IN,Marion,954670,39.779657,-86.132726
MA,Middlesex,1614714,42.446716,-71.4595465
NY,Nassau,1358343,40.7528025,-73.5961185
MN,Ramsey,550210,45.0064355,-93.1059515
NV,Washoe,465735,40.581575,-119.5881935
PA,Wayne,51276,41.615992,-75.2745845
CA,Yolo,220408,38.619189,-121.962515
CA,Santa Clara,1937570,37.190824,-121.70515
NV,Clark,,36.0796,-115.094
TX,Fort Bend,787858,29.525435,-95.756515
WA,Grant,97331,47.293631,-119.508134
FL,Santa Rosa,179349,30.6691965,-87.047978
TN,Williamson,231729,35.8757855,-86.9077635
NY,New York,1628701,40.7808115,-73.9771565
MD,Montgomery,1052567,39.1439065,-77.2078935
MA,Suffolk,807252,42.3363165,-71.0720885
CO,Denver,717862,39.76426,-104.855181
CO,Summit,30978,39.6416725,-106.1053255
NJ,Bergen,936692,40.952146,-74.08225
TX,Harris,4698619,29.833974,-95.4348615
CA,San Francisco,883305,37.7901875,-122.4356335
CA,Contra Costa,1150215,37.9092535,-121.983341
CA,Orange,3185968,33.66652,-117.764845
MA,Norfolk,705388,42.1684045,-71.140816
AZ,Maricopa,4410824,33.276554,-112.187061
NC,Wake,1092305,35.7967865,-78.6249785
NY,Westchester,967612,41.122837,-73.7326465
NH,Grafton,89786,43.967536,-71.840804
FL,Hillsborough,1436888,27.9092295,-82.3526
CA,Placer,393149,39.0142165,-120.7434505
CA,San Mateo,769545,37.4078245,-122.300503
CA,Sonoma,499942,38.4810965,-122.946388
OR,Umatilla,77516,45.4984405,-118.7037805
GA,Fulton,1050114,33.8443275,-84.4742025
OR,Washington,597695,45.5483985,-123.114875
WA,Snohomish,814901,48.037258,-121.655984
CA,Humboldt,136373,40.733564,-123.9078155
CA,Sacramento,1540975,38.377659,-121.444773
CA,San Diego,3343364,33.0195905,-116.838485
CA,San Benito,61537,36.595779,-121.1202815
CA,Los Angeles,10105518,33.8115605,-118.2956305
WA,King,2233163,47.4324805,-121.7969185
IL,Cook,5180493,41.8119505,-87.893711
WA,Skagit,128206,48.476543,-121.712645
WA,Thurston,286419,46.9761355,-122.7023935
WA,Whatcom,225685,48.8217155,-121.884438
CA,Marin,259666,38.071675,-122.731167
CA,Calaveras,45602,38.1706455,-120.507724
CA,Stanislaus,549815,37.6060975,-120.937052
MA,Essex,790638,42.651393,-70.923786
GA,Charlton,12968,30.71683,-82.156235
FL,Collier,378488,26.1601955,-81.359383
FL,Pinellas,975280,27.893119,-82.7089725
FL,Alachua,269956,29.681132,-82.3544225
FL,Nassau,85832,30.5504625,-81.738926
FL,Pasco,539630,28.3252435,-82.4298955
TX,Dallas,2637772,32.767269,-96.7776255
TX,Tarrant,2084931,32.7714195,-97.2914345
TX,Montgomery,590925,30.3290225,-95.463474
NJ,Middlesex,829685,40.4301305,-74.418416
CO,Jefferson,579877,39.5219745,-105.2238445
OR,Multnomah,811880,45.580658,-122.374808
OR,Polk,85234,44.8977695,-123.3828985
OR,Deschutes,191996,44.0016455,-120.94952
IL,McHenry,308570,42.3247895,-88.453064
IL,Lake,700832,42.3242905,-87.9794555
PA,Bucks,628195,40.3287395,-75.1027805
SC,Lancaster,95380,34.767196,-80.658954
TN,Sullivan,157668,36.5043,-82.2645105
IN,Johnson,156225,39.4900085,-86.101242
IN,Howard,82366,40.469593,-86.1189395
IN,St. Joseph,270771,41.596739,-86.2930665
NE,Knox,8419,42.6597365,-97.89758
OH,Stark,371574,40.811817,-81.3683635
MN,Anoka,353813,45.2250815,-93.2659965
MN,Olmsted,156277,44.0146815,-92.3843415
UT,Summit,41933,40.9000835,-110.8248905
CT,Fairfield,943823,41.3259525,-73.397813
CT,Litchfield,181111,41.759701,-73.202649
LA,Orleans,,29.9511,-90.0715
SD,Pennington,111729,44.098381,-103.028226
SD,Beadle,18883,44.414696,-98.279395
SD,Charles Mix,9338,43.1683905,-98.6895585
SD,Davison,19790,43.6746775,-98.145127
SD,Minnehaha,192876,43.674592,-96.7912635
SD,Bon Homme,6980,42.9655345,-97.899183
NM,Socorro,16735,34.02812,-106.82471
NM,Bernalillo,678701,35.0441825,-106.6728725
MI,Oakland,1259201,42.659913,-83.3863885
MI,Wayne,1753893,42.240301,-83.211127
DE,New Castle,559335,39.5653005,-75.5969975
VA,Accomack,32412,37.7385425,-75.644398
VA,Albemarle,108718,38.000304,-78.5236515
VA,Alleghany,14910,37.7775235,-79.9577595
VA,Amelia,13013,37.3452815,-77.9428245
VA,Amherst,31666,37.602087,-79.1530855
VA,Appomattox,15841,37.377197,-78.806481
VA,Arlington,237521,38.88086,-77.1019335
VA,Augusta,75457,38.1797265,-79.140507
VA,Bath,4292,38.0554355,-79.7465035
VA,Bedford,78747,37.3364395,-79.515404
VA,Bland,6293,37.127348,-81.158324
VA,Botetourt,33277,37.555083,-79.786269
VA,Brunswick,16384,36.783462,-77.8510215
VA,Buchanan,21221,37.289102,-82.0269975
VA,Buckingham,16999,37.563301,-78.5350435
VA,Campbell,54973,37.2277595,-79.1335465
VA,Caroline,30772,38.014773,-77.3561575
VA,Carroll,29636,36.7448255,-80.748516
VA,Charles City,6941,37.3568285,-77.072556
VA,Charlotte,11938,36.973334,-78.673953
VA,Chesterfield,348556,37.3898865,-77.5608615
VA,Clarke,14523,39.12205,-77.990069
VA,Craig,5064,37.4875955,-80.222319
VA,Culpeper,51859,38.5022845,-77.9253525
VA,Cumberland,9809,37.525067,-78.2686725
VA,Dickenson,14523,37.1309385,-82.344888
VA,Dinwiddie,28529,37.0721825,-77.6485645
VA,Essex,10919,37.945118,-76.9260005
VA,Fairfax,1150795,38.837506,-77.2880665
VA,Fauquier,70675,38.711777,-77.830744
VA,Floyd,15795,36.915815,-80.3711035
VA,Fluvanna,26783,37.848447,-78.2774385
VA,Franklin,56195,37.0068835,-79.914757
VA,Frederick,88355,39.2369945,-78.288643
VA,Giles,16844,37.314577,-80.723925
VA,Gloucester,37349,37.4220945,-76.530897
VA,Goochland,23244,37.7338695,-77.8880645
VA,Grayson,15631,36.6827765,-81.2577445
VA,Greene,19779,38.3301325,-78.475071
VA,Greensville,11627,36.7196265,-77.531996
VA,Halifax,34120,36.8014945,-78.898201
VA,Hanover,107239,37.7722045,-77.4571685
VA,Henrico,329261,37.531183,-77.416002
VA,Henry,50953,36.6990705,-79.8675205
VA,Highland,2210,38.385967,-79.559543
VA,Isle of Wight,36953,36.893055,-76.7051245
VA,James City,76397,37.3170865,-76.7454895
VA,King and Queen,7042,37.7016545,-76.916604
VA,King George,26575,38.2708395,-77.171699
VA,King William,16939,37.713815,-77.065014
VA,Lancaster,10783,37.724591,-76.4608615
VA,Lee,23541,36.743474,-83.2233605
VA,Loudoun,406850,39.085833,-77.6451185
VA,Louisa,36778,37.940726,-77.9969505
VA,Lunenburg,12086,36.9489735,-78.2483335
VA,Madison,13295,38.4288975,-78.2678535
VA,Mathews,8802,37.422753,-76.3485555
VA,Mecklenburg,30650,36.7161005,-78.382992
VA,Middlesex,10769,37.6403215,-76.5245335
VA,Montgomery,98985,37.174181,-80.396044
VA,Nelson,14836,37.7916035,-78.9069
VA,New Kent,22391,37.502273,-76.987965
VA,Norfolk,244076,36.894752,-76.260784
VA,Northampton,11735,37.335729,-75.8437715
VA,Northumberland,12147,37.85774,-76.4354775
VA,Nottoway,15420,37.1417495,-78.01764
VA,Orange,36644,38.255215,-78.036493
VA,Page,23933,38.625819,-78.4880945
VA,Patrick,17673,36.7073335,-80.33234
VA,Pittsylvania,60949,36.8390615,-79.403552
VA,Powhatan,29189,37.5532115,-77.8930175
VA,Prince Edward,22950,37.238687,-78.461833
VA,Prince George,38082,37.1568705,-77.185821
VA,Prince William,468011,38.721167,-77.468347
VA,Pulaski,34066,37.061956,-80.7237805
VA,Rappahannock,7252,38.692847,-78.136887
VA,Richmond,9038,37.9582775,-76.722874
VA,Roanoke,94073,37.2732505,-79.955831
VA,Rockbridge,22752,37.809496,-79.4160435
VA,Rockingham,81244,38.5283615,-78.8550975
VA,Russell,26748,36.9259505,-82.093586
VA,Scott,21534,36.7395335,-82.639638
VA,Shenandoah,43497,38.8514855,-78.58491
VA,Smyth,30472,36.826367,-81.549231
VA,Southampton,17586,36.770013,-77.158759
VA,Spotsylvania,134238,38.1845175,-77.66256
VA,Stafford,149960,38.418784,-77.4605185
VA,Surry,6474,37.0964755,-76.9095945
VA,Sussex,11237,36.909846,-77.2862875
VA,Tazewell,40855,37.1353505,-81.5630955
VA,Warren,40003,38.8966595,-78.1954245
VA,Washington,54402,36.761613,-81.968962
VA,Westmoreland,17830,38.1223385,-76.7906155
VA,Wise,38012,37.001358,-82.5901685
VA,Wythe,28754,36.9165845,-81.059955
VA,York,67846,37.236022,-76.572065
AL,Autauga,55601,32.508009,-86.665704
AL,Baldwin,218022,30.765086,-87.6979315
AL,Barbour,24881,31.882748,-85.4006615
AL,Bibb,22400,33.0392145,-87.149027
AL,Blount,57840,34.0123165,-86.633437
AL,Bullock,10138,32.092782,-85.704699
AL,Butler,19680,31.744161,-86.673651
AL,Calhoun,114277,33.7622675,-85.837497
AL,Chambers,33615,32.9183035,-85.3626035
AL,Cherokee,26032,34.232778,-85.621319
AL,Chilton,44153,32.865989,-86.6970655
AL,Choctaw,12841,32.004263,-88.201944
AL,Clarke,23920,31.5906725,-87.840657
AL,Clay,13275,33.294501,-85.907751
AL,Cleburne,14987,33.716739,-85.5961105
AL,Coffee,51909,31.4000105,-85.9927535
AL,Colbert,54762,34.736847,-87.7799545
AL,Conecuh,12277,31.467902,-87.0447685
AL,Coosa,10715,32.929111,-86.264735
AL,Covington,36986,31.2608775,-86.444992
AL,Crenshaw,13824,31.745868,-86.3217415
AL,Cullman,83442,34.08601,-86.802028
AL,Dale,48956,31.4073225,-85.6039195
AL,Dallas,38310,32.3886835,-87.1416965
AL,DeKalb,71385,34.5301885,-85.8162965
AL,Elmore,81887,32.5876855,-86.13298
AL,Escambia,36748,31.1279445,-87.1521015
AL,Etowah,102501,34.021177,-86.0536445
AL,Fayette,16433,33.719749,-87.687743
AL,Franklin,31363,34.4431505,-87.8516495
AL,Geneva,26314,31.096378,-85.839618
AL,Greene,8233,32.8390985,-87.954248
AL,Hale,14726,32.743871,-87.638464
AL,Henry,17209,31.5415205,-85.22967
AL,Houston,104722,31.156028,-85.355147
AL,Jackson,51736,34.7277855,-85.9710895
AL,Jefferson,659300,33.544622,-86.9292405
AL,Lamar,13844,33.791199,-88.110569
AL,Lauderdale,92387,34.8700445,-87.706859
AL,Lawrence,32957,34.552049,-87.3173975
AL,Lee,163941,32.5788775,-85.348772
AL,Limestone,96174,34.774907,-87.030965
AL,Lowndes,9974,32.1843205,-86.6566535
AL,Macon,18439,32.413954,-85.7282775
AL,Madison,366519,34.7338515,-86.523512
AL,Marengo,19066,32.2682795,-87.7927455
AL,Marion,29763,34.1178885,-87.920977
AL,Marshall,96109,34.349608,-86.319824
AL,Mobile,413757,30.7006685,-88.1779755
AL,Monroe,21067,31.529543,-87.3453475
AL,Montgomery,225763,32.2330785,-86.2080335
AL,Morgan,119089,34.4953655,-86.8301385
AL,Perry,9140,32.5912085,-87.27148
AL,Pickens,19938,33.2626035,-88.088514
AL,Pike,33338,31.839152,-85.928538
AL,Randolph,22725,33.304006,-85.443016
AL,Russell,57781,32.286625,-85.1624695
AL,St. Clair,88690,33.690029,-86.310896
AL,Shelby,215707,33.2828065,-86.6839795
AL,Sumter,12691,32.65227,-88.13148
AL,Talladega,79828,33.4003975,-86.148843
AL,Tallapoosa,40497,32.8001965,-85.8035175
AL,Tuscaloosa,208911,33.306606,-87.4532105
AL,Walker,,33.7590165,-87.294891
AL,Washington,16378,31.4068005,-88.177704
AL,Wilcox,10627,32.0480285,-87.2622605
AL,Winston,23660,34.1460005,-87.3730145
FL,Baker,28355,30.360368,-82.254514
FL,Bay,185287,30.2459645,-85.6900155
FL,Bradford,27732,29.930684,-82.23242
FL,Brevard,596849,28.3066475,-80.7171115
FL,Calhoun,14587,30.404001,-85.161099
FL,Citrus,147929,28.858776,-82.4640235
FL,Clay,216072,29.956068,-81.815316
FL,Columbia,70503,30.2116605,-82.628231
FL,DeSoto,37489,27.18619,-81.8098355
FL,Dixie,16700,29.5571445,-83.166321
FL,Duval,950181,30.34499,-81.714645
FL,Escambia,315534,30.639738,-87.277115
FL,Flagler,112067,29.4659115,-81.3127915
FL,Franklin,11736,29.8004055,-84.778146
FL,Gadsden,45894,30.5497575,-84.60754
FL,Gilchrist,18256,29.7474385,-82.8146775
FL,Glades,13724,26.9897045,-81.21855
FL,Gulf,16164,29.928089,-85.213759
FL,Hamilton,14310,30.4774255,-82.978114
FL,Hardee,27245,27.491686,-81.8095355
FL,Hendry,41556,26.605982,-81.22287
FL,Hernando,190865,28.5641575,-82.36745
FL,Highlands,105424,27.339483,-81.2535995
FL,Holmes,19477,30.850031,-85.7677915
FL,Indian River,157413,27.7090665,-80.6014185
FL,Jackson,48305,30.782612,-85.2289275
FL,Jefferson,14288,30.37801,-83.8401145
FL,Lafayette,8732,30.041446,-83.123253
FL,Lake,356495,28.810973,-81.655052
FL,Leon,292502,30.479469,-84.3462925
FL,Levy,40770,29.2921995,-82.784664
FL,Liberty,8457,30.288896,-84.844459
FL,Madison,18529,30.4558045,-83.495602
FL,Marion,359977,29.240444,-82.0871435
FL,Martin,160912,27.1101785,-80.482585
FL,Miami-Dade,2761581,25.5606775,-80.495494
FL,Monroe,75027,25.175039,-81.2078935
FL,Okeechobee,41537,27.3010785,-80.945572
FL,Orange,1380645,28.566534,-81.2607525
FL,Osceola,367990,27.9951695,-81.2600415
FL,Palm Beach,1485941,26.6459855,-80.4587305
FL,Polk,708009,28.002553,-81.6193315
FL,Putnam,74163,29.582303,-81.7450315
FL,St. Johns,254261,29.937673,-81.4511455
FL,St. Lucie,321128,27.3822015,-80.4395545
FL,Sarasota,426718,27.1675005,-82.349667
FL,Seminole,467832,28.7452475,-81.2234725
FL,Sumter,128754,28.633043,-82.1326385
FL,Suwannee,44191,30.162244,-83.004895
FL,Taylor,21623,29.9849565,-83.655233
FL,Union,14940,30.033105,-82.3570485
FL,Wakulla,32461,30.132134,-84.406681
FL,Walton,71375,30.6318125,-86.120873
FL,Washington,24880,30.609936,-85.7125055
MS,Adams,31192,31.4705725,-91.404425
MS,Alcorn,36925,34.875828,-88.593502
MS,Amite,12326,31.1742635,-90.8215065
MS,Attala,18365,33.0827575,-89.641145
MS,Benton,8271,34.788941,-89.184916
MS,Bolivar,31333,33.8247305,-90.9447695
MS,Calhoun,14436,33.9419505,-89.323812
MS,Carroll,9911,33.445717,-89.910018
MS,Chickasaw,17171,33.906775,-88.9553725
MS,Choctaw,8278,33.3210365,-89.2710315
MS,Claiborne,9002,32.0054585,-90.9812745
MS,Clarke,15604,32.027152,-88.6725705
MS,Clay,19386,33.659271,-88.75751
MS,Coahoma,22628,34.255278,-90.6784215
MS,Copiah,28543,31.867576,-90.423522
MS,Covington,18853,31.6152755,-89.577396
MS,DeSoto,182001,34.851822,-90.0184165
MS,Forrest,75036,31.1719645,-89.2947915
MS,Franklin,7788,31.465789,-90.8953825
MS,George,24250,30.8662685,-88.6487445
MS,Greene,13586,31.216909,-88.6336715
MS,Grenada,21055,33.787342,-89.8219415
MS,Hancock,47334,30.4111555,-89.506062
MS,Harrison,206650,30.4397985,-89.0935275
MS,Hinds,237085,32.3110675,-90.3971595
MS,Holmes,17622,33.127347,-90.0904805
MS,Humphreys,8257,33.125997,-90.531764
MS,Issaquena,1308,32.711258,-90.953519
MS,Itawamba,23517,34.275915,-88.3504885
MS,Jackson,143277,30.466091,-88.639257
MS,Jasper,16428,32.013138,-89.1165755
MS,Jefferson,7106,31.739958,-91.0509055
MS,Jefferson Davis,11234,31.5823375,-89.7814355
MS,Jones,68461,31.6290115,-89.172291
MS,Kemper,10027,32.7530165,-88.631183
MS,Lafayette,54793,34.3576945,-89.483825
MS,Lamar,62447,31.2082405,-89.5010375
MS,Lauderdale,75317,32.4011545,-88.652225
MS,Lawrence,12455,31.5452165,-90.1020655
MS,Leake,22763,32.7540435,-89.523946
MS,Lee,85202,34.2918565,-88.6834375
MS,Leflore,28919,33.523355,-90.277601
MS,Lincoln,34205,31.533415,-90.49061
MS,Lowndes,58930,33.515948,-88.4600935
MS,Madison,105630,32.6424515,-90.0900265
MS,Marion,24715,31.216824,-89.8472615
MS,Marshall,35451,34.745463,-89.4849845
MS,Monroe,35564,33.8697745,-88.4618815
MS,Montgomery,10023,33.48156,-89.583991
MS,Neshoba,29125,32.754056,-89.116788
MS,Newton,21443,32.4002135,-89.1182695
MS,Noxubee,10535,33.1071455,-88.558735
MS,Oktibbeha,49599,33.425596,-88.878761
MS,Panola,34178,34.3569895,-89.9590485
MS,Pearl River,55387,30.7364495,-89.596482
MS,Perry,11931,31.1719645,-88.9902575
MS,Pike,39563,31.1749835,-90.403877
MS,Pontotoc,31833,34.2266515,-89.035431
MS,Prentiss,25315,34.610176,-88.532829
MS,Quitman,7051,34.2916515,-90.292731
MS,Rankin,153902,32.3184555,-89.99076
MS,Scott,28287,32.4281335,-89.5533605
MS,Sharkey,4377,32.8798235,-90.810748
MS,Simpson,26758,31.901204,-89.949292
MS,Smith,16002,32.002205,-89.5238095
MS,Stone,18717,30.7790485,-89.1129895
MS,Sunflower,25735,33.628809,-90.6073865
MS,Tallahatchie,13987,33.9307555,-90.18857
MS,Tate,28759,34.66339,-89.955738
MS,Tippah,21995,34.79617,-88.903141
MS,Tishomingo,19454,34.729424,-88.23168
MS,Tunica,9944,34.6578765,-90.393536
MS,Union,28606,34.481503,-88.9908895
MS,Walthall,14465,31.175763,-90.0483265
MS,Warren,46176,32.3500925,-90.8641865
MS,Washington,45063,33.269039,-90.9574655
MS,Wayne,20298,31.663657,-88.696519
MS,Webster,9788,33.599618,-89.2628375
MS,Wilkinson,8792,31.185154,-91.3482055
MS,Winston,18165,33.1027655,-89.0659725
MS,Yalobusha,12392,34.0299395,-89.719419
MS,Yazoo,28248,32.7646645,-90.3628175
OR,Baker,16006,44.6679445,-117.6514835
OR,Benton,92101,44.498886,-123.445287
OR,Clackamas,416075,45.1737,-122.260094
OR,Clatsop,39764,46.022077,-123.6913195
OR,Columbia,52377,45.955202,-123.063071
OR,Coos,64389,43.1387565,-124.0906665
OR,Crook,23867,44.130719,-120.381763
OR,Curry,22813,42.4752215,-124.1343155
OR,Gilliam,1894,45.4390695,-120.206842
OR,Grant,7176,44.477098,-118.9478195
OR,Harney,7329,43.019736,-119.0696245
OR,Hood River,23428,45.492279,-121.681424
OR,Jefferson,24192,44.6078425,-121.110097
OR,Josephine,87393,42.389665,-123.6336845
OR,Lake,7879,42.8053175,-120.3546415
OR,Lane,379611,43.863845,-122.963617
OR,Lincoln,49388,44.660618,-123.8565305
OR,Linn,127335,44.496468,-122.5272075
OR,Malheur,30725,43.220728,-117.5631115
OR,Morrow,11372,45.45994,-119.576055
OR,Sherman,1708,45.4100935,-120.693853
OR,Tillamook,26787,45.4136565,-123.658578
OR,Union,26461,45.409634,-117.982128
OR,Wallowa,7081,45.539875,-117.2206355
OR,Wasco,26505,45.2632585,-121.0882365
OR,Wheeler,1366,44.6876055,-120.0736875
OR,Yamhill,107002,45.254474,-123.3172585
PA,Allegheny,1218452,40.434321,-80.024825
PA,Armstrong,65263,40.8480145,-79.4515635
PA,Beaver,164742,40.66626,-80.331968
PA,Bedford,48176,40.024753,-78.471619
PA,Berks,420152,40.4071885,-75.9849375
PA,Blair,122492,40.492562,-78.368452
PA,Bradford,60833,41.7715295,-76.521128
PA,Butler,187888,40.9213045,-79.927642
PA,Cambria,131730,40.4844505,-78.7032065
PA,Cameron,4492,41.417544,-78.204407
PA,Carbon,64227,40.9347185,-75.7357705
PA,Centre,162805,40.9721545,-77.760161
PA,Chester,522046,39.9833405,-75.748325
PA,Clarion,38779,41.204412,-79.4531185
PA,Clearfield,79388,40.989064,-78.422283
PA,Clinton,38684,41.220757,-77.618552
PA,Columbia,65456,41.042855,-76.424297
PA,Crawford,85063,41.6659595,-80.065748
PA,Cumberland,251423,40.1362805,-77.2432875
PA,Dauphin,277097,40.389076,-76.7820295
PA,Elk,30169,41.4158785,-78.6648855
PA,Erie,272061,42.0597115,-80.065132
PA,Fayette,130441,39.931757,-79.651513
PA,Forest,7279,41.475492,-79.239033
PA,Franklin,154835,40.004921,-77.7766245
PA,Fulton,14523,39.9437265,-78.122544
PA,Greene,36506,39.8698475,-80.211551
PA,Huntingdon,45168,40.4026245,-77.966958
PA,Indiana,84501,40.640961,-79.1307175
PA,Jefferson,43641,41.1412725,-78.9626845
PA,Juniata,24704,40.4785855,-77.3459345
PA,Lackawanna,210793,41.40188,-75.6376765
PA,Lancaster,543557,40.018638,-76.2974975
PA,Lawrence,86184,40.9896515,-80.308376
PA,Lebanon,141314,40.375353,-76.4146275
PA,Lehigh,368100,40.602919,-75.6124935
PA,Luzerne,317646,41.164616,-75.959662
PA,Lycoming,113664,41.3328135,-77.0234375
PA,McKean,40968,41.8010325,-78.579739
PA,Mercer,110683,41.2810365,-80.259562
PA,Mifflin,46222,40.603757,-77.6008925
PA,Montour,18240,41.0272775,-76.6533285
PA,Northampton,304807,40.752713,-75.329912
PA,Northumberland,91083,40.889653,-76.664783
PA,Perry,46139,40.4067625,-77.2933655
PA,Pike,55933,41.340779,-75.02435
PA,Potter,16622,41.737637,-77.9023665
PA,Schuylkill,142067,40.7226775,-76.2297155
PA,Snyder,40540,40.7626945,-77.0776985
PA,Somerset,73952,40.00326,-79.0378835
PA,Sullivan,6071,41.4328315,-76.516935
PA,Susquehanna,40589,41.8203345,-75.803965
PA,Tioga,40763,41.7719725,-77.242371
PA,Union,44785,40.9780675,-77.0817285
PA,Venango,51266,41.39821,-79.738801
PA,Warren,39498,41.81143,-79.264324
PA,Washington,207346,40.2152165,-80.1791085
PA,Westmoreland,350611,40.360231,-79.4397615
PA,Wyoming,27046,41.514171,-76.000806
PA,York,448273,39.973064,-76.688615
TN,Anderson,76482,36.105972,-84.1953725
TN,Bedford,49038,35.510414,-86.450065
TN,Benton,16184,36.085577,-88.070504
TN,Bledsoe,14755,35.563023,-85.176131
TN,Blount,131349,35.67388,-83.9255665
TN,Bradley,106727,35.1688215,-84.861838
TN,Campbell,39583,36.3848795,-84.138375
TN,Cannon,14462,35.805896,-86.046538
TN,Carroll,28020,35.9704635,-88.442335
TN,Carter,56351,36.3075155,-82.136727
TN,Cheatham,40439,36.248386,-87.0963775
TN,Chester,17276,35.4178195,-88.5969005
TN,Claiborne,31756,36.467748,-83.678506
TN,Clay,7717,36.5147925,-85.540471
TN,Cocke,35774,35.9472425,-83.104644
TN,Coffee,55700,35.4964895,-86.0748085
TN,Crockett,14328,35.8355555,-89.1244855
TN,Cumberland,59673,35.9586935,-84.974996
TN,Decatur,11706,35.6147395,-88.109362
TN,DeKalb,20138,35.9797435,-85.8460775
TN,Dickson,53446,36.1469495,-87.353065
TN,Dyer,37320,36.0468635,-89.4437795
TN,Fayette,40507,35.1992625,-89.414113
TN,Fentress,18217,36.35621,-84.8906635
TN,Franklin,41890,35.175493,-86.09834
TN,Gibson,49045,36.0069545,-88.949476
TN,Giles,29503,35.2238915,-87.0301775
TN,Grainger,23145,36.2504545,-83.493998
TN,Greene,69087,36.1703105,-82.8748425
TN,Grundy,13346,35.373473,-85.6996075
TN,Hamblen,64569,36.215193,-83.2747045
TN,Hamilton,364286,35.2208105,-85.2082175
TN,Hancock,6549,36.496438,-83.1512705
TN,Hardeman,25220,35.213371,-88.990028
TN,Hardin,25776,35.209363,-88.1810465
TN,Hawkins,56530,36.4180155,-82.9444425
TN,Haywood,17335,35.6098915,-89.285831
TN,Henderson,27847,35.6206645,-88.396394
TN,Henry,32358,36.310898,-88.260633
TN,Hickman,25063,35.8012115,-87.472921
TN,Houston,8263,36.2730485,-87.7471365
TN,Humphreys,18486,36.0242765,-87.7774415
TN,Jackson,11758,36.362216,-85.6702415
TN,Jefferson,54012,36.039116,-83.4722545
TN,Johnson,17778,36.439548,-81.8506225
TN,Knox,465289,35.9910705,-83.961272
TN,Lake,7411,36.344296,-89.5228515
TN,Lauderdale,25825,35.7428495,-89.6508555
TN,Lawrence,43734,35.2285855,-87.404642
TN,Lewis,12086,35.528649,-87.4934955
TN,Lincoln,34117,35.18083,-86.577237
TN,Loudon,53054,35.756434,-84.358772
TN,Macon,24265,36.5258095,-86.0086685
TN,Madison,97605,35.6123935,-88.842869
TN,Marion,28575,35.1511775,-85.6174955
TN,Marshall,33683,35.4814645,-86.780141
TN,Maury,94340,35.629413,-87.067635
TN,McMinn,53285,35.442847,-84.6305945
TN,McNairy,25832,35.1887635,-88.5746505
TN,Meigs,12306,35.520342,-84.8251725
TN,Monroe,46357,35.4381405,-84.232195
TN,Montgomery,205950,36.477428,-87.3780645
TN,Moore,6411,35.267753,-86.3924
TN,Morgan,21579,36.1424255,-84.6279835
TN,Obion,30267,36.354391,-89.149917
TN,Overton,22068,36.342492,-85.290042
TN,Perry,8064,35.632151,-87.845431
TN,Pickett,5082,36.516751,-85.0083585
TN,Polk,16898,35.136636,-84.5340865
TN,Putnam,78843,36.141239,-85.453814
TN,Rhea,33044,35.6172195,-84.9291325
TN,Roane,53140,35.8467005,-84.525952
TN,Robertson,71012,36.501744,-86.8573125
TN,Rutherford,324890,35.8595905,-86.4205235
TN,Scott,22039,36.3834265,-84.518716
TN,Sequatchie,14876,35.3572955,-85.4166015
TN,Sevier,97892,35.8029015,-83.5242525
TN,Smith,19942,36.2547125,-85.9584755
TN,Stewart,13561,36.503421,-87.831445
TN,Sumner,187149,36.448775,-86.4801315
TN,Tipton,61581,35.5108285,-89.8245635
TN,Trousdale,11012,36.390779,-86.1310745
TN,Unicoi,17761,36.107254,-82.418557
TN,Union,19688,36.300131,-83.8358625
TN,Van Buren,5765,35.6778165,-85.431474
TN,Warren,40878,35.6782875,-85.7774805
TN,Washington,128607,36.2717035,-82.5012125
TN,Wayne,16558,35.247607,-87.7987455
TN,Weakley,33415,36.282799,-88.7380925
TN,White,27107,35.9370645,-85.447605
TN,Wilson,140625,36.156231,-86.3045675
TX,Anderson,58057,31.7942655,-95.656497
TX,Andrews,18128,32.3045195,-102.6378665
TX,Angelina,87092,31.27652,-94.5664885
TX,Aransas,23792,28.0782735,-97.0259885
TX,Archer,8786,33.616121,-98.687302
TX,Armstrong,1892,34.9652895,-101.357769
TX,Atascosa,50310,28.9316755,-98.451776
TX,Austin,29989,29.849221,-96.3140715
TX,Bailey,7027,34.068783,-102.831248
TX,Bandera,22824,29.729752,-99.190956
TX,Bastrop,86976,30.103052,-97.336955
TX,Baylor,3582,33.6157695,-99.214369
TX,Bee,32587,28.4246655,-97.7326715
TX,Bell,355642,31.0362865,-97.4920175
TX,Bexar,1986049,29.4374885,-98.4636305
TX,Blanco,11702,30.219826,-98.358613
TX,Borden,648,32.7438545,-101.432331
TX,Bosque,18691,31.8975825,-97.6413635
TX,Bowie,94324,33.474645,-94.394897
TX,Brazoria,370200,29.2119295,-95.4663235
TX,Brazos,226758,30.6520125,-96.3408385
TX,Brewster,9267,29.819019,-103.0606865
TX,Briscoe,1516,34.5302855,-101.2082595
TX,Brooks,7114,27.0230565,-98.26107
TX,Brown,37924,31.7638855,-98.9356045
TX,Burleson,18389,30.513277,-96.6214235
TX,Burnet,47542,30.7305525,-98.1438735
TX,Caldwell,43247,29.8518125,-97.6075305
TX,Calhoun,21561,28.3958115,-96.626644
TX,Callahan,13994,32.297023,-99.372853
TX,Cameron,423908,26.1244405,-97.506901
TX,Camp,13033,32.989183,-94.936074
TX,Carson,6005,35.4037035,-101.354438
TX,Cass,30119,33.0953735,-94.3483565
TX,Castro,7665,34.530612,-102.2618255
TX,Chambers,42454,29.7070775,-94.6674215
TX,Cherokee,52592,31.7818495,-95.1628825
TX,Childress,7291,34.529677,-100.207642
TX,Clay,10456,33.811953,-98.1846535
TX,Cochran,2836,33.6067685,-102.8257455
TX,Coke,3370,31.88979,-100.5302535
TX,Coleman,8397,31.7459335,-99.458967
TX,Collingsworth,2962,34.964751,-100.270542
TX,Colorado,21217,29.60466,-96.524822
TX,Comal,148373,29.8162335,-98.3226975
TX,Comanche,13534,31.9727125,-98.5404845
TX,Concho,4276,31.3337815,-99.858533
TX,Cooke,40574,33.686394,-97.2154625
TX,Coryell,74808,31.3901965,-97.799306
TX,Cottle,1389,34.074876,-100.258156
TX,Crane,4794,31.368963,-102.534163
TX,Crockett,3499,30.6872445,-101.6746955
TX,Crosby,5779,33.6141925,-101.301184
TX,Culberson,2204,31.332061,-104.4713985
TX,Dallam,7200,36.2779675,-102.6021935
TX,Dawson,12619,32.7425545,-101.94863
TX,Deaf Smith,18760,34.964931,-102.605366
TX,Delta,5349,33.357214,-95.584209
TX,Denton,859064,33.209002,-97.116242
TX,DeWitt,20187,29.098894,-97.365744
TX,Dickens,2249,33.616432,-100.7793035
TX,Dimmit,10308,28.4229705,-99.7542565
TX,Donley,3319,34.9654335,-100.8148635
TX,Duval,11212,27.6602265,-98.5178945
TX,Eastland,18322,32.2966395,-98.796899
TX,Ector,162124,31.8691335,-102.543067
TX,Edwards,1928,29.9569805,-100.2272675
TX,Ellis,179436,32.3007575,-96.734958
TX,El Paso,840758,31.6946625,-106.299987
TX,Erath,42446,32.215275,-98.208011
TX,Falls,17335,31.2542445,-96.9374875
TX,Fannin,35286,33.61411,-96.115115
TX,Fayette,25349,29.8962255,-96.9438685
TX,Fisher,3839,32.743131,-100.402425
TX,Floyd,5837,34.071472,-101.303007
TX,Foard,1200,33.987902,-99.761489
TX,Franklin,10766,33.1756415,-95.217204
TX,Freestone,19808,31.712959,-96.1420065
TX,Frio,19816,28.8659505,-99.1073605
TX,Gaines,20901,32.740645,-102.6338095
TX,Galveston,337890,29.3376555,-94.8019735
TX,Garza,6578,33.1791195,-101.298047
TX,Gillespie,26804,30.3170865,-98.9459465
TX,Glasscock,1388,31.869193,-101.5201505
TX,Goliad,7584,28.656956,-97.4683565
TX,Gonzales,20826,29.4472115,-97.4946495
TX,Gray,21895,35.400718,-100.8126295
TX,Grayson,133991,33.6787025,-96.6620075
TX,Grimes,28360,30.544656,-95.9963055
TX,Guadalupe,163694,29.611769,-97.971935
TX,Hale,33830,34.0689035,-101.8269975
TX,Hall,3028,34.53052,-100.6810135
TX,Hamilton,8484,31.7171475,-98.1150835
TX,Hansford,5463,36.277402,-101.3545355
TX,Hardeman,3922,34.3175235,-99.7364215
TX,Hardin,57207,30.31219,-94.4022105
TX,Harrison,66726,32.5598355,-94.37246
TX,Hartley,5619,35.838868,-102.6024975
TX,Haskell,5813,33.1779925,-99.731119
TX,Hays,222631,30.054378,-98.0039075
TX,Hemphill,3825,35.837803,-100.2703065
TX,Henderson,82299,32.1823055,-95.940325
TX,Hidalgo,865939,26.412178,-98.224568
TX,Hill,36354,31.987169,-97.107482
TX,Hockley,22980,33.606805,-102.345688
TX,Hood,60537,32.396145,-97.8419155
TX,Hopkins,36810,33.168812,-95.5859445
TX,Houston,23169,31.259551,-95.363106
TX,Howard,36459,32.306179,-101.434791
TX,Hudspeth,4795,31.3154775,-105.4527975
TX,Hunt,96493,33.1233735,-96.0780225
TX,Hutchinson,21198,35.839731,-101.3546005
TX,Irion,1522,31.304707,-100.9817815
TX,Jack,8843,33.2342065,-98.172371
TX,Jackson,14874,28.9691425,-96.6238825
TX,Jasper,35872,30.699868,-94.1617655
TX,Jeff Davis,2252,30.7586965,-104.2110535
TX,Jefferson,255001,29.8746995,-94.1415335
TX,Jim Hogg,5248,27.071318,-98.686276
TX,Jim Wells,40822,27.6594735,-98.0133265
TX,Johnson,171361,32.3445445,-97.3516285
TX,Jones,19817,32.7373875,-99.879272
TX,Karnes,15650,28.9448875,-97.882815
TX,Kaufman,128622,32.5982425,-96.302943
TX,Kendall,45641,29.928222,-98.6670825
TX,Kenedy,442,26.9407415,-97.636886
TX,Kent,726,33.180396,-100.7781185
TX,Kerr,52405,30.036048,-99.337673
TX,Kimble,4362,30.498836,-99.7090895
TX,King,277,33.616689,-100.2548355
TX,Kinney,3767,29.3539335,-100.454226
TX,Kleberg,31129,27.42262,-97.640856
TX,Knox,3653,33.616742,-99.734439
TX,Lamar,49728,33.657571,-95.5831875
TX,Lamb,13158,34.0689035,-102.35059
TX,Lampasas,21229,31.246627,-98.238052
TX,La Salle,7531,28.338953,-99.0982885
TX,Lavaca,20110,29.347975,-96.9003315
TX,Lee,17144,30.2945845,-96.987673
TX,Leon,17270,31.3138465,-95.9992715
TX,Liberty,86323,30.1889145,-94.804066
TX,Limestone,23519,31.5178935,-96.584422
TX,Lipscomb,3355,36.2776895,-100.2735615
TX,Live Oak,12166,28.4219245,-98.0719025
TX,Llano,21646,30.7037675,-98.6578265
TX,Loving,152,31.825987,-103.6548195
TX,Lubbock,307412,33.6100185,-101.8213085
TX,Lynn,5877,33.177231,-101.816549
TX,McCulloch,7987,31.2171275,-99.347166
TX,McLennan,254607,31.553647,-97.2031765
TX,McMullen,749,28.3528775,-98.568824
TX,Madison,14422,30.958604,-95.9286265
TX,Marion,9928,32.784619,-94.3743125
TX,Martin,5753,32.306011,-101.9499945
TX,Mason,4280,30.719742,-99.2244935
TX,Matagorda,36552,28.8068055,-95.943229
TX,Maverick,58485,28.6415775,-100.389881
TX,Medina,50921,29.3905715,-99.1093215
TX,Menard,2139,30.89918,-99.8000515
TX,Midland,172578,31.8691335,-102.0315735
TX,Milam,25131,30.7839445,-96.964016
TX,Mills,4921,31.477095,-98.629201
TX,Mitchell,8145,32.306555,-100.9223115
TX,Montague,19596,33.7125255,-97.731502
TX,Moore,21485,35.83772,-101.8929075
TX,Morris,12339,33.1219335,-94.736044
TX,Motley,1234,34.073908,-100.779412
TX,Nacogdoches,65711,31.5351545,-94.640989
TX,Navarro,49565,32.062521,-96.4748245
TX,Newton,13746,30.7146365,-93.7137665
TX,Nolan,14751,32.303842,-100.405948
TX,Nueces,362265,27.7770085,-97.4937775
TX,Ochiltree,9947,36.278118,-100.8159305
TX,Oldham,2131,35.405273,-102.6027635
TX,Orange,83572,30.054588,-93.902908
TX,Palo Pinto,28875,32.7597695,-98.316175
TX,Panola,23148,32.183665,-94.307178
TX,Parker,138371,32.7793615,-97.8055085
TX,Parmer,9864,34.530055,-102.7845815
TX,Pecos,15673,30.712057,-102.6767305
TX,Polk,50031,30.81779,-94.869053
TX,Potter,119648,35.4016565,-101.8951355
TX,Presidio,6948,29.9445735,-104.387417
TX,Rains,12159,32.845659,-95.8111875
TX,Randall,136271,34.965325,-101.89589
TX,Reagan,3741,31.365349,-101.5216565
TX,Real,3478,29.8529255,-99.8323015
TX,Red River,12175,33.6402115,-95.023469
TX,Reeves,15695,31.3832975,-103.5566955
TX,Refugio,7032,28.3076185,-97.152698
TX,Roberts,903,35.838337,-100.813113
TX,Robertson,17284,31.0263995,-96.5337035
TX,Rockwall,100657,32.897962,-96.4080985
TX,Runnels,10234,31.8296985,-99.974866
TX,Rusk,54450,32.124975,-94.719045
TX,Sabine,10589,31.3730535,-93.824496
TX,San Augustine,8232,31.376438,-94.191165
TX,San Jacinto,28719,30.6131295,-95.0987255
TX,San Patricio,66893,27.9994695,-97.5217875
TX,San Saba,6054,31.2059225,-98.7534695
TX,Schleicher,2895,30.897402,-100.538696
TX,Scurry,16866,32.7477685,-100.915216
TX,Shackelford,3253,32.7358775,-99.354021
TX,Shelby,25418,31.7755435,-94.1569415
TX,Sherman,3079,36.2779665,-101.8932405
TX,Smith,230221,32.4112925,-95.2899065
TX,Somervell,9016,32.202973,-97.78034
TX,Starr,64525,26.510827,-98.746037
TX,Stephens,9433,32.7359025,-98.835833
TX,Sterling,1311,31.821835,-101.044612
TX,Stonewall,1362,33.178922,-100.2540175
TX,Sutton,3758,30.499071,-100.5384385
TX,Swisher,7462,34.53024,-101.7350275
TX,Taylor,137640,32.3020335,-99.890745
TX,Terrell,823,30.21922,-102.106647
TX,Terry,12287,33.1741315,-102.335476
TX,Throckmorton,1515,33.177719,-99.2116595
TX,Titus,33033,33.1902285,-94.9674565
TX,Tom Green,118189,31.3958185,-100.6895905
TX,Travis,1248743,30.326374,-97.771258
TX,Trinity,14740,31.105748,-95.138864
TX,Tyler,21696,30.7924925,-94.358245
TX,Upshur,41260,32.7123795,-94.9128805
TX,Upton,3671,31.3655555,-102.046926
TX,Uvalde,26846,29.356916,-99.7619575
TX,Val Verde,49208,29.7633005,-101.2300305
TX,Van Zandt,56019,32.596861,-95.762947
TX,Victoria,92035,28.7959645,-96.9758915
TX,Walker,72480,30.7812335,-95.5952705
TX,Waller,53126,29.9867945,-95.995436
TX,Ward,11720,31.459402,-103.1890665
TX,Washington,35108,30.221964,-96.439565
TX,Webb,275910,27.732308,-99.505112
TX,Wharton,41619,29.2985485,-96.2411315
TX,Wheeler,5191,35.400999,-100.2702715
TX,Wichita,132064,34.0232895,-98.688102
TX,Wilbarger,12820,34.1464225,-99.214004
TX,Willacy,21515,26.4555365,-97.6139585
TX,Williamson,566719,30.6545155,-97.6025525
TX,Wilson,50224,29.162042,-98.0678895
TX,Winkler,7720,31.8692865,-103.0632385
TX,Wise,68305,33.212448,-97.6523285
TX,Wood,45129,32.778699,-95.4087495
TX,Yoakum,8591,33.17366,-102.8297575
TX,Young,18045,33.174917,-98.687302
TX,Zapata,14190,26.945424,-99.2040895
TX,Zavala,11983,28.8659505,-99.7616785
UT,Beaver,6580,38.3619385,-113.192927
UT,Box Elder,54950,41.5005715,-112.957899
UT,Cache,127068,41.6843775,-111.786214
UT,Carbon,20269,39.640872,-110.5689765
UT,Daggett,980,40.832222,-109.524541
UT,Duchesne,19964,40.320004,-110.4357295
UT,Emery,10014,39.1022945,-110.647614
UT,Garfield,5080,37.84478,-111.308552
UT,Grand,9764,38.999827,-109.6150085
UT,Iron,52775,37.811655,-113.259719
UT,Juab,11555,39.663012,-112.8163095
UT,Kane,7709,37.2718585,-111.7738475
UT,Millard,13006,39.063857,-113.032176
UT,Morgan,12045,41.0769745,-111.549031
UT,Piute,1445,38.32891,-112.1426225
UT,Rich,2464,41.572087,-111.278314
UT,Salt Lake,1152633,40.668084,-111.9083075
UT,San Juan,15449,37.7489775,-110.226921
UT,Sanpete,30623,39.4227665,-111.631476
UT,Sevier,21539,38.7736525,-111.9083495
UT,Tooele,69907,40.490421,-113.095716
UT,Uintah,35438,40.160168,-109.542943
UT,Utah,622213,40.176926,-111.5347685
UT,Wasatch,33240,40.294765,-111.25642
UT,Washington,171700,37.3091755,-113.476164
UT,Wayne,2690,38.33013,-110.868783
WA,Mason,65507,47.344863,-123.153076
WA,Skamania,11924,45.967983,-121.881879
WA,Wahkiakum,4426,46.265129,-123.4704835
WA,Columbia,4059,46.3118295,-117.922891
WA,Garfield,2247,46.350524,-117.5460095
WA,Stevens,45260,48.396499,-117.915958
WA,Walla Walla,60922,46.3033335,-118.516355
WA,Whitman,49791,46.838819,-117.64426
WA,Yakima,251446,46.564808,-120.6951015
WA,Adams,19759,46.999704,-118.6641215
WA,Asotin,22610,46.2288635,-117.1980595
WA,Benton,201877,46.281031,-119.40769
WA,Chelan,77036,47.905807,-120.52039
WA,Clallam,76737,48.12876,-123.825558
WA,Cowlitz,108987,46.117914,-122.7288965
WA,Douglas,42907,47.6852815,-119.6344735
WA,Ferry,7649,48.4155455,-118.487316
WA,Franklin,94347,46.465897,-118.8288585
WA,Grays Harbor,73901,47.162482,-123.756045
WA,Island,84460,48.157794,-122.559821
WA,Klickitat,22107,45.825073,-120.739452
WA,Lewis,79604,46.5893095,-122.3615475
WA,Lincoln,10740,47.609032,-118.399462
WA,Okanogan,42132,48.470757,-119.857871
WA,Pacific,22036,46.5170135,-123.728303
WA,Pend Oreille,13602,48.5229615,-117.3308095
WA,San Juan,17128,48.5702435,-122.989615
WA,Spokane,514631,47.6535685,-117.431769
WI,Adams,20348,43.9452595,-89.8114625
WI,Ashland,15600,46.5293125,-90.6148065
WI,Barron,45164,45.423233,-91.8483795
WI,Bayfield,15042,46.5779685,-91.1523555
WI,Brown,263378,44.460046,-88.00379
WI,Buffalo,13125,44.3110745,-91.8063705
WI,Burnett,15392,45.8986695,-92.459242
WI,Calumet,50159,44.0678065,-88.2231095
WI,Chippewa,64135,45.073983,-91.2943245
WI,Clark,34709,44.728065,-90.6192
WI,Columbia,57358,43.4622685,-89.3952475
WI,Crawford,16291,43.206361,-90.940501
WI,Dodge,87847,43.4141185,-88.7047825
WI,Door,27610,45.052066,-87.2707365
WI,Douglas,43208,46.4572665,-91.9225695
WI,Dunn,45131,44.9465935,-91.9037165
WI,Eau Claire,104534,44.7267785,-91.286351
WI,Florence,4321,45.8671375,-88.371228
WI,Fond du Lac,103066,43.7405715,-88.5234625
WI,Forest,8991,45.7253055,-88.736432
WI,Grant,51554,42.859257,-90.7915955
WI,Green,36929,42.6788355,-89.6022205
WI,Green Lake,18918,43.8074785,-89.065567
WI,Iowa,23771,43.011221,-90.13398
WI,Iron,5676,46.2854815,-90.2405085
WI,Jackson,20478,44.333881,-90.7389105
WI,Jefferson,85129,43.020219,-88.774666
WI,Juneau,26617,43.9452,-90.049192
WI,Kenosha,169290,42.5808145,-88.053184
WI,Kewaunee,20383,44.502105,-87.569711
WI,La Crosse,118230,43.90481,-91.1678275
WI,Lafayette,16665,42.659671,-90.1322445
WI,Langlade,19268,45.249466,-89.0320725
WI,Lincoln,27689,45.3372255,-89.735818
WI,Manitowoc,79074,44.1096405,-87.7753295
WI,Marathon,135428,44.9009845,-89.769999
WI,Marinette,40434,45.3806155,-88.0076245
WI,Marquette,15434,43.812715,-89.383781
WI,Menominee,4658,44.9867315,-88.732954
WI,Milwaukee,948201,43.017386,-87.9484725
WI,Monroe,46051,43.9431965,-90.644889
WI,Oconto,37830,45.0255215,-88.2200685
WI,Oneida,35470,45.683113,-89.5453365
WI,Outagamie,187365,44.416276,-88.4651865
WI,Ozaukee,89147,43.367539,-87.928296
WI,Pepin,7289,44.545776,-91.983238
WI,Polk,43598,45.469117,-92.5212785
WI,Portage,70942,44.4642455,-89.534338
WI,Price,13397,45.679584,-90.3610415
WI,Racine,196584,42.72707,-88.0365295
WI,Richland,17377,43.35973,-90.431809
WI,Rock,163129,42.669665,-89.07281
WI,Rusk,14147,45.4651145,-91.1100305
WI,Sauk,64249,43.39317,-89.9558805
WI,Sawyer,16489,45.8974295,-91.1143865
WI,Shawano,40796,44.8071225,-88.7332505
WI,Sheboygan,115456,43.7172725,-87.9311795
WI,St. Croix,89694,45.033633,-92.469596
WI,Taylor,20412,45.206809,-90.484035
WI,Trempealeau,29442,44.290607,-91.382407
WI,Vernon,30785,43.5767915,-90.7921605
WI,Vilas,21938,46.0781645,-89.488258
WI,Walworth,103718,42.66751,-88.5409145
WI,Washburn,15878,45.897601,-91.7954705
WI,Washington,135693,43.3678245,-88.2293215
WI,Waukesha,403072,43.018702,-88.3026895
WI,Waupaca,51128,44.4619935,-88.9150255
WI,Waushara,24263,44.1139125,-89.2420865
WI,Winnebago,171020,44.0685395,-88.644934
WI,Wood,73055,44.466416,-90.0214265
DE,Kent,178550,39.0977575,-75.5358555
DE,Sussex,229286,38.706443,-75.385769
IA,Carroll,20154,42.0363995,-94.8607925
IA,Harrison,14134,41.6857895,-95.8184015
IN,DeKalb,43226,41.397172,-84.998833
IN,Tippecanoe,193048,40.388631,-86.895011
IN,Elkhart,205560,41.59817,-85.858041
IN,Adams,35636,40.745404,-84.9379775
IN,Madison,129641,40.1616875,-85.7193405
IN,Jackson,44111,38.898375,-86.056745
IN,Vanderburgh,180974,37.997159,-87.575276
IN,Grant,65936,40.515987,-85.6545605
IN,Porter,169594,41.465349,-87.076004
IN,Hamilton,330086,40.0724955,-86.052323
IN,Lake,484411,41.4360915,-87.372815
IN,Morgan,70116,39.486663,-86.468723
IN,LaPorte,110007,41.4985245,-86.70959
IN,Floyd,77781,38.299344,-85.8968305
IN,Shelby,44593,39.5229175,-85.7912735
IN,Allen,375351,41.093929,-85.070744
IN,Tipton,15128,40.3113615,-86.052076
IN,Rush,16663,39.6201645,-85.465533
IN,Orange,19489,38.541362,-86.495888
IN,Crawford,10558,38.2641355,-86.4664205
IN,Owen,20845,39.3195455,-86.842698
IN,Fountain,16351,40.159532,-87.2651005
IN,Decatur,26794,39.292067,-85.4919175
IN,Fulton,20092,41.0412495,-86.2069545
IN,LaGrange,39330,41.641722,-85.426917
IN,Knox,36895,38.6611855,-87.4215765
IN,Monroe,146917,39.173286,-86.501539
IN,Cass,37955,40.736143,-86.3733815
IN,Randolph,24851,40.157237,-85.011338
IN,Martin,10217,38.700172,-86.8032725
IN,Washington,27943,38.5984585,-86.078819
IN,Parke,16927,39.779033,-87.2218005
IN,Kosciusko,79344,41.239367,-85.8647395
IN,Wayne,65936,39.8599215,-85.0160255
IN,Montgomery,38346,40.0398255,-86.893817
IN,Hancock,76351,39.821446,-85.7651025
IN,Vigo,107386,39.4335005,-87.404531
IN,Jefferson,32208,38.7499905,-85.4428255
IN,Huntington,36240,40.8291895,-85.489254
IN,Harrison,40350,38.1903515,-86.114784
IN,Wabash,31280,40.8488535,-85.7925115
IN,Delaware,114772,40.2282065,-85.3964875
IN,Posey,25540,38.001,-87.8733535
IN,Spencer,20327,37.993821,-87.0179535
IN,Ohio,5844,38.9659135,-84.9850845
IN,Carroll,20127,40.5844765,-86.5738755
IN,Warren,8263,40.3021425,-87.311793
IN,Franklin,22736,39.397252,-85.056989
IN,Pulaski,12469,41.0411035,-86.6989025
IN,Jay,20764,40.439459,-85.0111465
IN,Wells,28206,40.742376,-85.258652
IN,Marshall,46248,41.325298,-86.2605775
IN,Sullivan,20690,39.080525,-87.4431845
IN,Brown,15234,39.196282,-86.2308335
IN,Ripley,28523,39.1115335,-85.2549985
IN,Henry,48271,39.931831,-85.3989305
IN,Whitley,34074,41.148575,-85.4971775
IN,Dearborn,49568,39.1234195,-84.9759795
IN,Blackford,11930,40.473138,-85.32408
IN,Scott,23878,38.6948615,-85.729157
IN,Bartholomew,82753,39.192976,-85.885058
IN,Jasper,33370,41.011453,-87.1030475
IN,Union,7037,39.6256065,-84.925108
IN,Vermillion,15479,39.877864,-87.443545
IN,Benton,8653,40.606315,-87.3100935
IN,Clay,26170,39.387551,-87.090359
IN,Lawrence,45668,38.8394825,-86.4791915
IN,Clark,117360,38.436953,-85.704951
IN,Miami,35567,40.780922,-86.0163265
IN,Fayette,23047,39.6569625,-85.1680795
IN,Newton,14011,40.9775885,-87.3970095
IN,Perry,19102,38.0538765,-86.6224235
IN,Putnam,37779,39.668384,-86.8280865
IN,Starke,22935,41.302205,-86.6983865
IN,Greene,32006,39.0371445,-86.961652
IN,Pike,12410,38.3904865,-87.2676305
IN,Warrick,62567,38.062363,-87.245218
IN,Daviess,33147,38.6973285,-87.0858515
IN,Dubois,42565,38.365024,-86.8760665
IN,Clinton,32250,40.304673,-86.4690845
IN,White,24133,40.737271,-86.8406485
IN,Switzerland,10717,38.8085935,-84.9938725
IN,Steuben,34586,41.6433265,-85.0007515
IN,Gibson,33452,38.349461,-87.6469825
IN,Jennings,27611,39.0015625,-85.619944
MA,Barnstable,213413,41.797838,-70.3115305
MA,Bristol,564022,41.7965735,-71.101309
MA,Dukes,17352,41.413311,-70.698639
MA,Franklin,70963,42.522516,-72.624274
MA,Hampden,470406,42.1707315,-72.60493
MA,Hampshire,161355,42.3696615,-72.6359905
MA,Nantucket,11327,41.314833,-70.1178535
MA,Plymouth,518132,41.966696,-70.8028795
NC,Rockingham,90690,36.39209,-79.7732505
NC,Guilford,533670,36.078567,-79.789537
NC,Alamance,166436,36.046625,-79.389903
NC,Alexander,37353,35.9112,-81.173576
NC,Randolph,143351,35.713162,-79.80441
NC,Wayne,123248,35.372187,-78.0523115
NC,Ashe,27109,36.4141945,-81.4925705
NC,Alleghany,11161,36.4701875,-81.128388
NC,Currituck,27072,36.311232,-76.0432625
NC,Camden,10710,36.357271,-76.2231965
NC,Surry,71948,36.399366,-80.7073595
NC,Gates,11573,36.424152,-76.70138
NC,Hertford,23659,36.392282,-76.94985
NC,Northampton,19676,36.3561295,-77.48302
NC,Stokes,45467,36.4039905,-80.2396115
NC,Warren,19807,36.373663,-78.110931
NC,Vance,44582,36.3539845,-78.394374
NC,Granville,60115,36.282139,-78.6309765
NC,Caswell,22698,36.391928,-79.335016
NC,Person,39507,36.3890455,-78.974278
NC,Pasquotank,39639,36.31698,-76.2753735
NC,Halifax,50574,36.255891,-77.618624
NC,Wilkes,68557,36.217608,-81.207163
NC,Watauga,55945,36.2509755,-81.686846
NC,Perquimans,13422,36.226709,-76.390806
NC,Chowan,14029,36.178766,-76.5666445
NC,Avery,17505,36.099315,-81.9081385
NC,Yadkin,37543,36.165891,-80.657182
NC,Dare,36501,35.708368,-75.7362335
NC,Forsyth,379099,36.1174225,-80.2759705
NC,Franklin,67560,36.0419445,-78.2765255
NC,Bertie,19026,36.0338355,-77.0036715
NC,Orange,146027,36.052271,-79.107692
NC,Durham,316739,36.051318,-78.8573145
NC,Nash,94016,35.966553,-77.976391
NC,Mitchell,15000,35.991779,-82.198442
NC,Edgecombe,52005,35.915151,-77.585453
NC,Caldwell,82029,35.939887,-81.5699525
NC,Tyrrell,4131,35.7957445,-76.210059
NC,Yancey,17903,35.888507,-82.319283
NC,Madison,21763,35.8719975,-82.685785
NC,Martin,22671,35.8664985,-77.084982
NC,Davie,42733,35.9026525,-80.5364645
NC,Washington,11859,35.840893,-76.6003345
NC,Burke,90382,35.7791955,-81.675545
NC,Davidson,166614,35.7655535,-80.2652875
NC,McDowell,45507,35.7387245,-82.0594425
NC,Wilson,81455,35.7253325,-77.926691
NC,Buncombe,259103,35.620303,-82.5263415
NC,Haywood,61971,35.5418605,-83.000247
NC,Catawba,158652,35.6878485,-81.2291665
NC,Pitt,179914,35.580454,-77.392609
NC,Johnston,202675,35.537085,-78.386616
NC,Swain,14245,35.4877375,-83.554631
NC,Beaufort,47079,35.477776,-76.8314765
NC,Hyde,5230,35.383544,-76.1937185
NC,Greene,21012,35.500008,-77.6507765
NC,Rutherford,66826,35.395423,-81.985972
NC,Lee,61452,35.467607,-79.16466
NC,Cleveland,97645,35.3715965,-81.544688
NC,Jackson,43327,35.26292,-83.1417865
NC,Harnett,134214,35.3876225,-78.876489
NC,Graham,8484,35.342066,-83.810297
NC,Henderson,116748,35.322029,-82.5033325
NC,Moore,98682,35.2805435,-79.4327075
NC,Montgomery,27271,35.324289,-79.898494
NC,Stanly,62075,35.323708,-80.278733
NC,Transylvania,34215,35.2252595,-82.815485
NC,Polk,20611,35.296185,-82.1603345
NC,Lenoir,55976,35.2174715,-77.6126075
NC,Craven,102912,35.110855,-77.063318
NC,Macon,35285,35.162244,-83.42341
NC,Cherokee,28383,35.1397485,-84.0097475
NC,Pamlico,12670,35.1507535,-76.727725
NC,Sampson,63626,34.9345395,-78.3926405
NC,Cumberland,332330,35.0502155,-78.8038205
NC,Clay,11139,35.0712515,-83.7441825
NC,Jones,9637,35.014189,-77.3902165
NC,Carteret,69524,34.832849,-76.600868
NC,Union,235908,35.0112285,-80.5587175
NC,Anson,24877,35.008912,-80.0844735
NC,Hoke,54764,35.02319,-79.2469455
NC,Duplin,58856,34.9501105,-77.9257305
NC,Richmond,44887,34.99408,-79.767283
NC,Scotland,34810,34.836764,-79.5119535
NC,Onslow,197683,34.712451,-77.3899735
NC,Robeson,131831,34.626412,-79.133749
NC,Bladen,33190,34.6117765,-78.5427315
NC,Pender,62162,34.512526,-77.894035
NC,Columbus,55655,34.2134885,-78.6167595
NC,New Hanover,232274,34.158285,-77.872919
NC,Brunswick,136744,34.1056615,-78.292874
NC,Iredell,178435,35.7732565,-80.901307
NC,Rowan,141262,35.6830585,-80.4771
NC,Lincoln,83770,35.484822,-81.24025
NC,Mecklenburg,1093901,35.2583695,-80.804163
NC,Cabarrus,211342,35.3456055,-80.541589
NC,Gaston,222846,35.284432,-81.1896935
NJ,Atlantic,265429,39.509258,-74.6437035
NJ,Cape May,92560,39.1261435,-74.756719
NJ,Cumberland,150972,39.373098,-75.135421
NJ,Essex,799767,40.7914715,-74.245152
NJ,Gloucester,291408,39.7016335,-75.159049
NJ,Hunterdon,124714,40.5647375,-74.9494015
NJ,Mercer,369811,40.2808485,-74.7122715
NJ,Ocean,601651,39.835446,-74.2922115
NJ,Salem,62607,39.5848515,-75.3107935
NJ,Somerset,331164,40.566201,-74.5998835
NJ,Sussex,140799,41.128282,-74.678832
NJ,Warren,105779,40.8430415,-74.985897
NJ,Morris,494228,40.867803,-74.5802275
CO,Adams,511720,39.87063,-104.3794855
CO,Mesa,153628,38.933332,-108.219714
CO,Pitkin,17926,39.171949,-106.946222
CO,Pueblo,167081,38.1285485,-104.5522995
CO,Weld,314288,40.5011525,-104.315327
CT,Hartford,892697,41.7926935,-72.719377
CT,New Haven,857620,41.4056375,-72.932285
IA,Dallas,90180,41.683413,-94.035476
OH,Belmont,67505,40.011338,-80.970149
OH,Butler,382378,39.4416555,-84.5757445
OH,Franklin,1310300,39.9690415,-83.010875
OH,Lorain,309461,41.289588,-82.112518
OH,Summit,541918,41.1288115,-81.5400925
OH,Trumbull,198627,41.3175365,-80.761006
OH,Adams,27724,38.8258925,-83.486432
OH,Allen,102663,40.781749,-84.1387185
OH,Ashland,53745,40.810381,-82.280962
OH,Ashtabula,97493,41.7387235,-80.76196
OH,Athens,65818,39.368549,-82.010142
OH,Auglaize,45804,40.5202455,-84.168056
OH,Brown,43602,38.946998,-83.8628515
OH,Carroll,27081,40.576936,-81.0912405
OH,Champaign,38754,40.1418235,-83.7652835
OH,Clark,134585,39.90448,-83.7818345
OH,Clermont,205466,39.0206355,-84.156528
OH,Clinton,42057,39.3961065,-83.791534
OH,Columbiana,102665,40.756341,-80.80314
OH,Coshocton,36629,40.303628,-81.9059705
OH,Crawford,41550,40.8497695,-82.9187645
OH,Darke,51323,40.135587,-84.6191565
OH,Defiance,38165,41.296667,-84.5161775
OH,Delaware,204826,40.284922,-82.996763
OH,Erie,74615,41.4515915,-82.647625
OH,Fairfield,155782,39.7478035,-82.604502
OH,Fayette,28666,39.547146,-83.4613155
OH,Fulton,42276,41.602804,-84.1384575
OH,Gallia,29979,38.8088335,-82.339074
OH,Geauga,94031,41.5314985,-81.197377
OH,Greene,167995,39.700356,-83.8804025
OH,Guernsey,39022,40.030786,-81.4772675
OH,Hamilton,816684,39.1670115,-84.539795
OH,Hancock,75930,40.9933325,-83.650734
OH,Hardin,31480,40.661998,-83.6477485
OH,Harrison,15174,40.2964905,-81.1025345
OH,Henry,27086,41.3267025,-84.1115255
OH,Highland,43058,39.198813,-83.6089775
OH,Hocking,28385,39.511635,-82.453876
OH,Holmes,43892,40.5560475,-81.934932
OH,Huron,58504,41.1414835,-82.5889855
OH,Jackson,32384,39.0262225,-82.6158835
OH,Jefferson,65767,40.3772575,-80.7683525
OH,Knox,61893,40.4060915,-82.464908
OH,Lake,230514,41.712312,-81.2455255
OH,Lawrence,59866,38.6261375,-82.551557
OH,Licking,175769,40.095128,-82.482659
OH,Logan,45358,40.384039,-83.7673995
OH,Lucas,429899,41.573549,-83.5244735
OH,Madison,44413,39.903453,-83.4298015
OH,Mahoning,229642,41.0170235,-80.802872
OH,Marion,65256,40.569407,-83.139069
OH,Medina,179146,41.132868,-81.9291545
OH,Meigs,23106,39.0396815,-82.0330235
OH,Mercer,40959,40.540035,-84.618068
OH,Miami,106222,40.0399055,-84.2296255
OH,Monroe,13790,39.7047595,-81.070202
OH,Montgomery,532331,39.7504765,-84.268203
OH,Morgan,14604,39.610066,-81.833178
OH,Morrow,35112,40.5287485,-82.822844
OH,Muskingum,86183,39.961226,-81.962539
OH,Noble,14354,39.767294,-81.4657475
OH,Ottawa,40769,41.5910285,-83.0553205
OH,Paulding,18760,41.1214295,-84.572691
OH,Perry,36033,39.7402985,-82.2483105
OH,Pickaway,58086,39.6404265,-82.9991275
OH,Pike,28067,39.072829,-83.085764
OH,Portage,162927,41.1680275,-81.197562
OH,Preble,40997,39.7425475,-84.6470415
OH,Putnam,33780,41.0134615,-84.1399545
OH,Richland,121099,40.7727585,-82.532063
OH,Ross,76931,39.3420085,-83.0672615
OH,Sandusky,58799,41.3771395,-83.129965
OH,Scioto,75502,38.793262,-82.960428
OH,Seneca,55207,41.1241425,-83.125283
OH,Shelby,48627,40.33353,-84.2185015
OH,Tuscarawas,92176,40.4405865,-81.488516
OH,Union,57835,40.3069805,-83.3606595
OH,Van Wert,28281,40.8375885,-84.571707
OH,Vinton,13139,39.2117205,-82.5115675
OH,Warren,232173,39.4222805,-84.1711185
OH,Washington,60155,39.4309055,-81.4452295
OH,Wayne,115967,40.829962,-81.8885115
OH,Williams,36804,41.565952,-84.573937
OH,Wood,130696,41.3923445,-83.64893
OH,Wyandot,21935,40.840135,-83.3136215
SD,McCook,5546,43.674371,-97.368803
SD,Aurora,2801,43.7181795,-98.564183
SD,Bennett,3468,43.19307,-101.669284
SD,Brookings,35232,44.369751,-96.7907435
SD,Brown,39316,45.5895505,-98.35189
SD,Brule,5229,43.717205,-99.1318425
SD,Buffalo,2036,44.065473,-99.251262
SD,Butte,10222,44.8922075,-103.5074895
SD,Campbell,1377,45.7683795,-100.10841
SD,Clark,3739,44.8485895,-97.7370215
SD,Clay,14041,42.893941,-96.9831125
SD,Codington,28015,44.9779305,-97.1882995
SD,Corson,4165,45.7084975,-101.154764
SD,Custer,8726,43.6667425,-103.37134
SD,Day,5505,45.370057,-97.604018
SD,Deuel,4337,44.7605665,-96.668368
SD,Dewey,5904,45.0985285,-100.8806055
SD,Douglas,2935,43.3480785,-98.4081735
SD,Edmunds,3875,45.4185775,-99.2155805
SD,Fall River,6758,43.239219,-103.5276595
SD,Faulk,2330,45.0711445,-99.1449715
SD,Grant,7147,45.151875,-96.8391535
SD,Gregory,4212,43.248875,-99.016699
SD,Haakon,1918,44.370828,-101.527061
SD,Hamlin,6111,44.673781,-97.188418
SD,Hand,3262,44.5460285,-99.006468
SD,Hanson,3376,43.674863,-97.786883
SD,Harding,1249,45.5789315,-103.4937565
SD,Hughes,17650,44.323127,-100.0894005
SD,Hutchinson,7380,43.334078,-97.7569745
SD,Hyde,1282,44.5449565,-99.488289
SD,Jackson,3307,43.692057,-101.601613
SD,Jerauld,2043,44.065935,-98.6292525
SD,Jones,928,43.942818,-100.701648
SD,Kingsbury,4919,44.3694835,-97.490842
SD,Lake,13057,44.021953,-97.1293895
SD,Lawrence,25741,44.3727745,-103.75419
SD,Lincoln,58807,43.29191,-96.680715
SD,Lyman,3821,43.8585825,-99.8243355
SD,Marshall,5112,45.7470475,-97.6033405
SD,McPherson,2407,45.766178,-99.221223
SD,Meade,28294,44.589876,-102.7871945
SD,Mellette,2042,43.620499,-100.7212425
SD,Miner,2213,44.0218805,-97.6104375
SD,Moody,6579,44.0224965,-96.670995
SD,Oglala Lakota,14309,,
SD,Perkins,2922,45.4917245,-102.4785805
SD,Potter,2207,45.0720365,-99.9980595
SD,Roberts,10447,45.6164285,-96.8493455
SD,Sanborn,2429,44.0232385,-98.090767
SD,Spink,6495,44.937667,-98.3474765
SD,Stanley,3022,44.475911,-100.5294325
SD,Sully,1392,44.7225585,-100.2011845
SD,Todd,10283,43.1939835,-100.713296
SD,Tripp,5478,43.381583,-99.88252
SD,Turner,8424,43.291576,-97.162796
SD,Union,15619,42.7816525,-96.6248135
SD,Walworth,5587,45.4203445,-100.097133
SD,Yankton,22869,42.9848555,-97.398924
SD,Ziebach,2742,44.992267,-101.568297
UT,Tri,,,
CA,Butte,231256,39.723763,-121.573063
CA,Kings,151366,36.139045,-119.8948375
CA,Mendocino,87606,39.380249,-123.422765
CA,Merced,274765,37.1868725,-120.649022
CA,San Bernardino,2171603,34.84023,-115.968483
CA,San Joaquin,752660,37.8910175,-121.2534915
MD,Anne Arundel,576031,38.9754795,-76.617221
MD,Baltimore,828431,39.4583055,-76.60774
MD,Carroll,168429,39.534766,-77.049303
MD,Charles,161503,38.4803095,-76.9686075
CA,Colusa,21627,39.169222,-122.2913685
CA,Del Norte,27828,41.6909115,-123.88695
CA,Glenn,28047,39.5913755,-122.405772
DE,Pea Patch,,,
DE,Reedy Island,,,
DE,DE/NJ,,,
IA,Allamakee,13832,43.29062,-91.3343975
IA,Polk,487204,41.6727085,-93.571967
MD,Howard,323196,39.236219,-76.9419445
MD,Talbot,36968,38.7587675,-76.122386
CA,Mono,14250,38.088132,-118.7383875
IA,Adair,7063,41.330641,-94.471111
IA,Black Hawk,132408,42.4696575,-92.309374
IL,Adams,65691,39.9787775,-91.212524
IL,Alexander,6060,37.1527035,-89.325539
IL,Bond,16630,38.884501,-89.4448145
IL,Boone,53577,42.323683,-88.822878
IL,Brown,6556,39.971889,-90.7146235
IL,Bureau,32993,41.3669235,-89.513028
IL,Calhoun,4802,39.134272,-90.693794
IL,Carroll,14312,42.0640145,-90.0009245
IL,Cass,12260,39.9982515,-90.2889695
IL,Champaign,209983,40.139788,-88.19621
IL,Christian,32661,39.583156,-89.2802045
IL,Clark,15596,39.3224325,-87.77278
IL,Clay,13253,38.7574025,-88.4735945
IL,Clinton,37639,38.5794515,-89.4227085
IL,Coles,50885,39.5302215,-88.216126
IL,Crawford,18807,39.014366,-87.731286
IL,Cumberland,10808,39.275043,-88.2394565
IL,DeKalb,104143,41.8909545,-88.765222
IL,De Witt,15769,40.1658715,-88.8618245
IL,Douglas,19479,39.7656955,-88.2051055
IL,DuPage,928589,41.8397805,-88.0886665
IL,Edgar,17360,39.679879,-87.750202
IL,Edwards,6392,38.4129205,-88.0448
IL,Effingham,34208,39.063555,-88.583724
IL,Fayette,21416,38.977119,-88.9754655
IL,Ford,13264,40.6983445,-88.1958575
IL,Franklin,38701,37.993597,-88.9411015
IL,Fulton,34844,40.449306,-90.1619825
IL,Gallatin,5058,37.744911,-88.201681
IL,Greene,13044,39.31966,-90.3851795
IL,Grundy,50972,41.2856945,-88.4184245
IL,Hamilton,8163,38.081729,-88.5385565
IL,Hancock,17844,40.4161445,-91.2057425
IL,Hardin,3910,37.5007875,-88.2382205
IL,Henderson,6709,40.852598,-90.985311
IL,Henry,49090,41.366804,-90.147138
IL,Iroquois,27604,40.7479615,-87.8288605
IL,Jackson,57419,37.7586175,-89.4158765
IL,Jasper,9611,39.0112015,-88.1538415
IL,Jefferson,37820,38.300858,-88.92435
IL,Jersey,21847,39.0926805,-90.37478
IL,Jo Daviess,21366,42.3509385,-90.288092
IL,Johnson,12456,37.44742,-88.8766665
IL,Kankakee,110024,41.146306,-87.889151
IL,Kendall,127915,41.590843,-88.427859
IL,Knox,50112,40.9317725,-90.214451
IL,LaSalle,109430,41.278569,-88.87672
IL,Lawrence,15765,38.7103305,-87.70439
IL,Lee,34223,41.746,-89.285056
IL,Livingston,35761,40.8653895,-88.5831695
IL,Logan,28925,40.121167,-89.373218
IL,McDonough,29955,40.457768,-90.677631
IL,McLean,172828,40.5192635,-88.8644325
IL,Macon,104712,39.8542065,-88.981505
IL,Macoupin,45313,39.2609155,-89.9261525
IL,Madison,264461,38.827599,-89.935464
IL,Marion,37620,38.6500885,-88.9197765
IL,Marshall,11534,41.0348985,-89.3432225
IL,Mason,13565,40.2448985,-89.978401
IL,Massac,14080,37.2011605,-88.7097025
IL,Menard,12288,40.0313255,-89.7865065
IL,Mercer,15601,41.1986765,-90.7739785
IL,Monroe,34335,38.304362,-90.136495
IL,Montgomery,28601,39.2617855,-89.4217495
IL,Morgan,33976,39.698471,-90.26153
IL,Moultrie,14717,39.6195935,-88.641607
IL,Ogle,50923,42.045208,-89.313711
IL,Peoria,180621,40.744069,-89.7183555
IL,Perry,21174,38.084791,-89.356507
IL,Piatt,16396,40.0368775,-88.6031875
IL,Pike,15611,39.620425,-90.9684925
IL,Pope,4212,37.333513,-88.561381
IL,Pulaski,5463,37.2016465,-89.100825
IL,Putnam,5740,41.213095,-89.314386
IL,Randolph,32106,38.013057,-89.8997405
IL,Richland,15763,38.709597,-88.102756
IL,Rock Island,143477,41.554974,-90.6165945
IL,St. Clair,261059,38.43997,-89.9834895
IL,Saline,23906,37.7534775,-88.541215
IL,Sangamon,195348,39.7494185,-89.605988
IL,Schuyler,6907,40.1323765,-90.556586
IL,Scott,4926,39.655126,-90.473328
IL,Shelby,21741,39.434606,-88.8052905
IL,Stark,5427,41.104095,-89.811954
IL,Stephenson,44753,42.3510465,-89.661208
IL,Tazewell,132328,40.5337375,-89.59421
IL,Union,16841,37.4651575,-89.281663
IL,Vermilion,76806,40.179863,-87.734241
IL,Wabash,11549,38.402574,-87.8207125
IL,Warren,17032,40.848296,-90.6145375
IL,Washington,13995,38.363909,-89.4241575
IL,Wayne,16332,38.4308585,-88.4251025
IL,White,13665,38.067642,-88.1481
IL,Whiteside,55626,41.7573565,-89.938412
IL,Will,692310,41.465238,-87.893409
IL,Williamson,67056,37.729957,-88.930214
IL,Winnebago,284081,42.325365,-89.170574
IL,Woodford,38463,40.7610345,-89.2466125
MD,Allegany,70975,39.580749,-78.6931075
MD,Calvert,92003,38.537166,-76.5440945
MD,Caroline,33304,38.889352,-75.851116
MD,Cecil,102826,39.5413585,-75.999976
MD,Dorchester,31998,38.409225,-76.0189625
MD,Frederick,255648,39.470177,-77.392417
MD,Garrett,29163,39.4633055,-79.209413
MD,Kent,19383,39.1961545,-76.0172445
MD,Queen Anne's,50251,39.047804,-76.0619365
MD,Somerset,25675,38.105281,-75.800611
MD,St. Mary's,112664,38.2745585,-76.595653
MD,Washington,150926,39.5205695,-77.9145095
MD,Wicomico,103195,38.3943725,-75.619256
MD,Worcester,51823,38.2230905,-75.3490465
CO,Saguache,6829,38.103038,-106.215006
CO,Sedgwick,2275,40.8759995,-102.3523775
CO,Cheyenne,1867,38.829744,-102.6090085
CO,Custer,4934,38.077787,-105.422592
CO,La Plata,56446,37.319665,-107.93047
CO,San Juan,747,37.802258,-107.7146795
CO,Park,18545,39.130874,-105.769163
CO,Alamosa,16178,37.554131,-105.746788
CO,Prowers,12076,37.9561955,-102.394781
CO,Moffat,13201,40.611532,-108.182561
CO,Boulder,325520,40.0878355,-105.371537
CO,Montrose,42280,38.4104405,-108.280041
CO,San Miguel,8196,37.964549,-108.3879545
CO,Costilla,3819,37.3221975,-105.4539
CO,Broomfield,69130,39.9670685,-105.0634215
CO,Chaffee,20010,38.740338,-106.238668
CO,Crowley,5855,38.3175405,-103.7800745
CO,Fremont,47921,38.477589,-105.4765585
CO,Huerfano,6850,37.6560375,-104.9261975
CO,Delta,30936,38.9429835,-107.9397795
CO,Garfield,59854,39.728802,-108.0417065
CO,Rio Blanco,6293,39.938113,-108.0442015
CO,Morgan,28436,40.262602,-103.8075595
CO,Lincoln,5574,39.04137,-103.604952
CO,Montezuma,26121,37.3192465,-108.5080625
CO,Mineral,754,37.683724,-106.915857
CO,Otero,18352,37.9545055,-103.7308725
CO,Phillips,4280,40.5940295,-102.358048
CO,Ouray,4812,38.112279,-107.82163
CO,Bent,5833,37.9551955,-103.072417
CO,Archuleta,13764,37.207684,-106.9792055
CO,Routt,25716,40.4610575,-107.034562
CO,Hinsdale,804,37.78497,-107.2959845
CO,Lake,7766,39.2185175,-106.360843
CO,Rio Grande,11213,37.617297,-106.3750185
CO,Gilpin,6096,39.8421315,-105.548784
CO,Yuma,10037,40.0039245,-102.4267865
CO,Jackson,1394,40.664885,-106.3595425
CO,Kit Carson,7169,39.305834,-102.6048215
CO,Clear Creek,9659,39.7084305,-105.6621195
CO,Logan,21858,40.719452,-103.1163375
CO,Washington,4716,40.00205,-103.243516
CO,Conejos,8151,37.1987175,-106.1984215
CO,Kiowa,1373,38.4403555,-102.7757135
CO,Teller,25068,38.888707,-105.134719
CO,Baca,3551,37.3187205,-102.563815
CO,Elbert,26243,39.216579,-104.1886255
CO,Dolores,2050,37.6901245,-108.4521545
CO,Las Animas,14529,37.4051085,-104.1148525
CO,Grand,15503,40.085187,-106.14149
CT,Middlesex,162682,41.4513225,-72.529236
IA,Washington,22141,41.336486,-91.715019
IA,Winneshiek,20029,43.291228,-91.842569
CA,Alpine,1101,38.630102,-119.807449
CA,Amador,39383,38.462022,-120.5499495
CA,El Dorado,190678,38.785457,-120.509148
CA,Imperial,181827,33.0261745,-115.284555
CA,Inyo,17987,36.6258705,-117.211517
CA,Kern,896764,35.294389,-118.9051705
CA,Lake,64382,39.124087,-122.7165925
CA,Lassen,30802,40.446086,-120.664132
CA,Mariposa,17471,37.528815,-119.8483325
CA,Modoc,8777,41.590548,-120.7277465
CA,Monterey,435594,36.351338,-121.0962855
CA,Nevada,99696,39.266033,-120.641325
CA,Plumas,18804,40.0219,-120.798487
CA,San Luis Obispo,284010,35.3481785,-120.409541
CA,Santa Barbara,446527,34.503122,-120.0556245
CA,Sierra,2987,39.5841895,-120.529761
CA,Siskiyou,43724,41.511016,-122.572748
CA,Sutter,96807,39.020133,-121.681341
CA,Tehama,63916,40.123926,-122.2081015
CA,Trinity,12535,40.6514625,-123.044575
CA,Tulare,465861,36.266967,-118.7856615
CA,Tuolumne,54539,38.0336125,-119.928327
CA,Yuba,78041,39.2891885,-121.322628
CT,Tolland,150921,41.813062,-72.3087795
CT,Windham,117027,41.8316135,-72.0198185
WY,Albany,38601,41.715061,-105.797347
WY,Big Horn,11881,44.5836155,-107.883157
WY,Campbell,46140,44.247955,-105.54976
WY,Carbon,14971,41.7167395,-106.999143
WY,Converse,13640,42.8942495,-105.4853365
WY,Crook,7450,44.588306,-104.570319
WY,Fremont,39531,43.134889,-108.777531
WY,Goshen,13376,42.08802,-104.3540895
WY,Hot Springs,4555,43.7696855,-108.454027
WY,Johnson,8460,44.0277255,-106.689049
WY,Laramie,98976,41.3273515,-104.6662955
WY,Lincoln,19434,42.4467125,-110.5467585
WY,Natrona,79115,42.965925,-106.8070975
WY,Niobrara,2388,43.0561335,-104.476262
WY,Park,29324,44.4095985,-109.803725
WY,Platte,8566,42.1312375,-104.9699245
WY,Sheridan,30233,44.7791285,-106.9607095
WY,Sublette,9813,42.8640505,-109.833639
WY,Sweetwater,43051,41.634037,-108.779115
WY,Teton,23081,43.950812,-110.553385
WY,Uinta,20299,41.2872955,-110.5473615
WY,Washakie,7885,43.8343705,-107.830746
WY,Weston,6967,43.8400335,-104.567947
AZ,Yuma,212128,32.751709,-114.073797
AZ,Yavapai,231993,34.706715,-112.405211
AZ,Santa Cruz,46511,31.5319365,-110.9091745
AZ,Navajo,110445,35.285887,-110.2888965
AZ,Mohave,209550,35.6052565,-113.642721
AZ,La Paz,21098,33.672256,-114.032225
AZ,Greenlee,9483,33.102205,-109.271152
AZ,Graham,38072,33.038586,-109.7846195
AZ,Gila,53889,33.7408895,-110.8582025
AZ,Coconino,142854,35.631099,-112.052403
AZ,Cochise,126770,31.879989,-109.754088
AZ,Apache,71818,35.239937,-109.52295
GA,Bartow,106408,34.2454835,-84.8456695
GA,Dougherty,91243,31.543065,-84.21924
GA,Lee,29764,31.7690705,-84.1303695
GA,Clarke,127330,33.9442745,-83.3891225
GA,Clayton,289615,33.5006675,-84.3512615
GA,Richmond,201554,33.3860495,-82.0958775
GA,Carroll,118121,33.6189675,-85.0735675
GA,Floyd,97927,34.333308,-85.2336585
GA,Lowndes,116321,30.8279765,-83.2520925
GA,Coweta,145864,33.35125,-84.7564425
GA,Hall,202148,34.3018875,-83.839046
GA,Henry,230220,33.472801,-84.1391565
GA,Newton,109541,33.5562405,-83.8595685
GA,Forsyth,236612,34.192905,-84.0922315
GA,Gordon,57685,34.509159,-84.882778
GA,Paulding,164044,33.9286275,-84.886773
GA,Chatham,289195,31.9792165,-81.1161235
GA,Early,10247,31.29563,-84.87609
GA,Glynn,85219,31.233006,-81.5229475
GA,Houston,155469,32.4903625,-83.669594
GA,Laurens,47325,32.431517,-82.933027
GA,Pickens,31980,34.4684865,-84.4556165
GA,Spalding,66100,33.2656205,-84.2989585
GA,Sumter,29733,32.051647,-84.1831505
GA,Terrell,8611,31.7943275,-84.4313485
GA,Troup,70034,33.0456745,-85.04902
GA,Worth,20299,31.583147,-83.841038
GA,Barrow,80809,34.0120875,-83.70325
GA,Bibb,153095,32.808565,-83.690676
GA,Columbia,154291,33.5275905,-82.234951
GA,Dawson,25083,34.4759675,-84.151368
GA,Douglas,145331,33.689774,-84.74196
GA,Effingham,62190,32.3456345,-81.3338195
GA,Heard,11879,33.2788205,-85.1164585
GA,Lamar,19000,33.0671605,-84.155819
GA,Miller,5686,31.1634885,-84.729762
GA,Monroe,27520,33.02549,-83.915184
GA,Muscogee,194160,32.491224,-84.8740405
GA,Oconee,39272,33.8321095,-83.461482
GA,Peach,27297,32.565885,-83.8596185
GA,Randolph,6833,31.7736745,-84.747037
GA,Rockdale,90594,33.655915,-84.0487045
GA,Tift,40571,31.462092,-83.502694
GA,Turner,7912,31.711033,-83.62759
GA,Whitfield,104062,34.8018615,-84.989664
GA,Appling,18507,31.718649,-82.299648
GA,Atkinson,8297,31.3020375,-82.8852805
GA,Bacon,11185,31.5639575,-82.427429
GA,Baker,3092,31.2665715,-84.3913985
GA,Baldwin,44823,33.057617,-83.236967
GA,Banks,18988,34.344612,-83.503661
GA,Ben Hill,16787,31.751737,-83.2400355
GA,Berrien,19252,31.250698,-83.234265
GA,Bleckley,12838,32.428345,-83.318515
GA,Brantley,18897,31.1921755,-82.0081275
GA,Brooks,15513,30.857747,-83.545108
GA,Bryan,38109,31.9836795,-81.4647405
GA,Bulloch,77296,32.4031415,-81.7330315
GA,Burke,22423,33.050545,-81.929511
GA,Butts,24193,33.312216,-83.9656225
GA,Calhoun,6352,31.535776,-84.616164
GA,Camden,53677,30.939474,-81.670079
GA,Candler,10836,32.414423,-82.086589
GA,Catoosa,67420,34.877643,-85.122358
GA,Chattahoochee,10684,32.377903,-84.8227095
GA,Chattooga,24790,34.4379265,-85.3175045
GA,Clay,2887,31.6332655,-84.9700425
GA,Clinch,6648,30.8828665,-82.6950645
GA,Coffee,43093,31.590042,-82.870935
GA,Colquitt,45592,31.180406,-83.761906
GA,Cook,17162,31.1888195,-83.4272925
GA,Crawford,12318,32.6897445,-83.951859
GA,Crisp,22601,31.917045,-83.7854705
GA,Dade,16226,34.804268,-85.484542
GA,Decatur,26575,30.884663,-84.6239055
GA,Dodge,20705,32.176429,-83.1228605
GA,Dooly,13706,32.1600565,-83.818742
GA,Echols,4000,30.730594,-82.858908
GA,Elbert,19120,34.1222425,-82.833909
GA,Emanuel,22612,32.566712,-82.3244845
GA,Evans,10721,32.1633915,-81.8719985
GA,Fannin,25964,34.79555,-84.357961
GA,Franklin,23023,34.38018,-83.2239315
GA,Gilmer,30816,34.7019465,-84.4254925
GA,Glascock,2995,33.223555,-82.5939015
GA,Grady,24748,30.8773495,-84.226808
GA,Greene,17698,33.558402,-83.1790725
GA,Habersham,45388,34.629725,-83.5104655
GA,Hancock,8348,33.2596925,-83.010673
GA,Haralson,29533,33.7791945,-85.2115785
GA,Harris,34475,32.727964,-84.933895
GA,Hart,26099,34.3525795,-82.944674
GA,Irwin,9398,31.6208695,-83.2496555
GA,Jackson,70422,34.130594,-83.5873665
GA,Jasper,14040,33.329018,-83.698549
GA,Jeff Davis,15029,31.8201795,-82.6339975
GA,Jefferson,15430,33.037288,-82.4473705
GA,Jenkins,8683,32.780297,-81.9577475
GA,Johnson,9708,32.6674315,-82.6956075
GA,Jones,28616,33.0133215,-83.5868665
GA,Lanier,10340,31.0167205,-83.084609
GA,Liberty,61497,31.823112,-81.477771
GA,Lincoln,7915,33.810833,-82.43205
GA,Long,18998,31.7767745,-81.7364155
GA,Lumpkin,32955,34.5781895,-84.0119525
GA,Macon,13143,32.346552,-84.0462925
GA,Madison,29650,34.136314,-83.189361
GA,Marion,8351,32.3480705,-84.5244235
GA,McDuffie,21531,33.4833315,-82.471942
GA,McIntosh,14340,31.497032,-81.42023
GA,Meriwether,21068,33.0380665,-84.6806535
GA,Mitchell,22192,31.2604725,-84.252937
GA,Montgomery,9193,32.151208,-82.5326555
GA,Morgan,18853,33.626116,-83.4757045
GA,Murray,39921,34.785758,-84.7607105
GA,Oglethorpe,15054,33.8678625,-83.0430625
GA,Pierce,19389,31.3663905,-82.207204
GA,Pike,18634,33.0897185,-84.392588
GA,Pulaski,11069,32.2540355,-83.4533425
GA,Putnam,21809,33.3255,-83.3449985
GA,Quitman,2279,31.88141,-85.0244685
GA,Rabun,16867,34.858446,-83.383081
GA,Schley,5236,32.29327,-84.305936
GA,Screven,13938,32.76727,-81.6285995
GA,Seminole,8315,30.893516,-84.879714
GA,Stephens,26035,34.5737745,-83.2816665
GA,Stewart,6199,32.0766305,-84.849609
GA,Talbot,6272,32.70026,-84.494721
GA,Taliaferro,1608,33.5860605,-82.846414
GA,Tattnall,25391,32.0516215,-81.9972615
GA,Taylor,8039,32.5598395,-84.222711
GA,Telfair,15876,31.965762,-82.925699
GA,Thomas,44448,30.8681835,-83.927226
GA,Toombs,26887,32.133452,-82.3325215
GA,Towns,11852,34.891506,-83.7463685
GA,Treutlen,6809,32.4031975,-82.5630105
GA,Twiggs,8188,32.675209,-83.4190435
GA,Union,24001,34.8153505,-83.9796175
GA,Upson,26215,32.8448545,-84.3246905
GA,Walker,69410,34.7835435,-85.2922675
GA,Walton,93503,33.7633815,-83.7439805
GA,Ware,35680,31.018934,-82.416374
GA,Warren,5251,33.431104,-82.625217
GA,Washington,20386,32.998893,-82.7922495
GA,Wayne,29808,31.5772475,-81.8800995
GA,Webster,2611,32.0761395,-84.543517
GA,Wheeler,7879,32.114083,-82.7399635
GA,White,29970,34.6523945,-83.745846
GA,Wilcox,8812,31.988861,-83.3948625
GA,Wilkes,9876,33.795597,-82.733402
GA,Wilkinson,9036,32.7957135,-83.176978
IA,Lyon,11811,43.37904,-96.231903
IA,Osceola,6040,43.3779345,-95.6248505
IA,Dickinson,17153,43.378125,-95.1509005
IA,Emmet,9253,43.3778265,-94.678741
IA,Kossuth,14908,43.2041725,-94.206776
IA,Howard,9187,43.356774,-92.317008
IA,Winnebago,10518,43.3774815,-93.734056
IA,Mitchell,10569,43.356556,-92.788738
IA,Worth,7453,43.37752,-93.260889
IA,Sioux,34909,43.084471,-96.2152855
IA,O'Brien,13840,43.0837635,-95.624996
IA,Clay,16134,43.0824605,-95.1509525
IA,Palo Alto,8929,43.0815635,-94.678422
IA,Hancock,10712,43.081615,-93.7344365
IA,Cerro Gordo,42647,43.0815435,-93.2613545
IA,Chickasaw,11964,43.060273,-92.3176785
IA,Floyd,15761,43.0599625,-92.7896775
IA,Clayton,17556,42.862813,-91.252655
IA,Fayette,19660,42.862425,-91.843484
IA,Plymouth,25095,42.7348585,-96.2495405
IA,Cherokee,11321,42.7352585,-95.6239795
IA,Buena Vista,19874,42.735103,-95.151036
IA,Pocahontas,6740,42.7342715,-94.6787195
IA,Humboldt,9547,42.77639,-94.2071605
IA,Wright,12690,42.733139,-93.7351655
IA,Bremer,24947,42.774584,-92.31803
IA,Franklin,10124,42.732661,-93.2623145
IA,Butler,14539,42.7317015,-92.7906055
IA,Dubuque,96854,42.4849805,-90.8040035
IA,Delaware,17069,42.4708025,-91.3692935
IA,Webster,36277,42.4271625,-94.187332
IA,Buchanan,21199,42.4701905,-91.839321
IA,Woodbury,102539,42.3863465,-96.083852
IA,Ida,6841,42.386337,-95.532089
IA,Sac,9719,42.385717,-95.122356
IA,Calhoun,9699,42.384735,-94.6560065
IA,Hamilton,14952,42.3837205,-93.717117
IA,Hardin,16868,42.383293,-93.2505795
IA,Grundy,12304,42.3830385,-92.7803125
IA,Jackson,19432,42.207614,-90.526297
IA,Jones,20744,42.121345,-91.1319045
IA,Linn,225909,42.0795655,-91.597321
IA,Benton,25642,42.080457,-92.0649405
IA,Tama,16904,42.07995,-92.533127
IA,Monona,8679,42.039142,-96.015346
IA,Crawford,17158,42.0372775,-95.381811
IA,Greene,8981,42.0363415,-94.396472
IA,Boone,26346,42.0366695,-93.931368
IA,Story,98105,42.036025,-93.465056
IA,Marshall,39981,42.0362565,-92.998782
IA,Clinton,46518,41.8812165,-90.5192725
IA,Cedar,18627,41.7722715,-91.1324105
IA,Shelby,11578,41.6840695,-95.2994455
IA,Audubon,5506,41.683761,-94.896745
IA,Guthrie,10720,41.683339,-94.493116
IA,Iowa,16141,41.6864235,-92.062612
IA,Poweshiek,18699,41.6857865,-92.5321265
IA,Jasper,37147,41.685464,-93.0525945
IA,Scott,173283,41.610581,-90.6063115
IA,Muscatine,42929,41.4659825,-91.076572
IA,Cass,12930,41.331557,-94.92822
IA,Keokuk,10225,41.3363685,-92.178783
IA,Warren,51056,41.3362875,-93.559249
IA,Madison,16249,41.334263,-94.0154165
IA,Mahaska,22000,41.335307,-92.640827
IA,Marion,33407,41.3345905,-93.0991925
IA,Louisa,11169,41.248468,-91.215988
IA,Mills,15063,41.030674,-95.633919
IA,Montgomery,10003,41.030332,-95.1562755
IA,Adams,3645,41.029005,-94.699531
IA,Henry,20067,40.9877265,-91.5445425
IA,Jefferson,18381,41.031649,-91.9479335
IA,Union,12359,41.0272985,-94.242484
IA,Wapello,35205,41.030774,-92.4097165
IA,Clarke,9423,41.029533,-93.7856715
IA,Lucas,8645,41.029783,-93.3275755
IA,Monroe,7790,41.0298745,-92.869154
IA,Des Moines,39138,40.8851955,-91.1757885
IA,Fremont,6993,40.741097,-95.6297625
IA,Page,15249,40.738309,-95.149189
IA,Taylor,6191,40.73568,-94.699654
IA,Ringgold,4968,40.7351635,-94.243008
IA,Van Buren,7020,40.7496675,-91.9482745
IA,Davis,9017,40.7452865,-92.4090815
IA,Decatur,7890,40.7366415,-93.786016
IA,Wayne,6401,40.7391835,-93.3270975
IA,Appanoose,12437,40.74145,-92.867825
IA,Lee,34055,40.5945225,-91.4156105
MO,Boone,180005,38.945981,-92.3372425
MO,Cass,104954,38.6463295,-94.338591
MO,Christian,86983,36.9536655,-93.256524
MO,Cole,76796,38.5309215,-92.2197115
MO,Dunklin,29423,36.3131695,-90.16588
MO,Greene,291923,37.2580585,-93.3436925
MO,Henry,21792,38.384227,-93.793122
MO,Jackson,700307,39.0350565,-94.3565785
MO,Pulaski,52014,37.8118605,-92.217417
MO,Scott,38458,37.056437,-89.5497395
MO,St. Charles,399182,38.7512445,-90.536784
MO,Adair,25339,40.1918575,-92.6006275
MO,Andrew,17607,39.974852,-94.831808
MO,Atchison,5171,40.423457,-95.476206
MO,Audrain,25473,39.203426,-91.861752
MO,Barry,35886,36.715246,-93.825497
MO,Barton,11798,37.501434,-94.345575
MO,Bates,16320,38.2518095,-94.331992
MO,Benton,19278,38.2989335,-93.2912785
MO,Bollinger,12169,37.319698,-90.0421765
MO,Buchanan,88571,39.675483,-94.8574015
MO,Butler,42639,36.7121305,-90.4082955
MO,Caldwell,9108,39.656673,-93.98339
MO,Callaway,44889,38.8109895,-91.9273295
MO,Camden,45815,38.0361035,-92.7442195
MO,Cape Girardeau,78753,37.3640345,-89.643927
MO,Carroll,8743,39.4112635,-93.431834
MO,Carter,6054,36.9559285,-90.9430345
MO,Cedar,14165,37.736838,-93.842437
MO,Chariton,7451,39.464303,-92.986769
MO,Clark,6842,40.4312005,-91.685117
MO,Clay,246365,39.2830795,-94.408998
MO,Clinton,20470,39.6009385,-94.404109
MO,Cooper,17603,38.87228,-92.7791755
MO,Crawford,23957,37.9540865,-91.315549
MO,Dade,7569,37.4317905,-93.849933
MO,Dallas,16762,37.6595665,-93.0188305
MO,Daviess,8313,39.96065,-93.988896
MO,DeKalb,12630,39.892548,-94.404417
MO,Dent,15441,37.6032815,-91.481225
MO,Douglas,13373,36.932331,-92.499022
MO,Franklin,103670,38.4561905,-91.050775
MO,Gasconade,14705,38.4311855,-91.5051645
MO,Gentry,6628,40.2107995,-94.4104265
MO,Grundy,9914,40.112933,-93.562986
MO,Harrison,8414,40.3552465,-93.997782
MO,Hickory,9509,37.937655,-93.319651
MO,Holt,4404,40.063089,-95.271813
MO,Howard,10137,39.1557215,-92.6872455
MO,Howell,40076,36.7773395,-91.888011
MO,Iron,10177,37.505462,-90.8450445
MO,Jasper,120636,37.206147,-94.335409
MO,Jefferson,224347,38.2526855,-90.516425
MO,Johnson,53652,38.7470595,-93.811248
MO,Knox,3947,40.126091,-92.1479285
MO,Laclede,35713,37.68434,-92.554389
MO,Lafayette,32598,39.1007525,-93.795704
MO,Lawrence,38359,37.1064545,-93.8339175
MO,Lewis,9855,40.101244,-91.694102
MO,Lincoln,57686,39.049049,-90.9649285
MO,Linn,12037,39.868643,-93.1061425
MO,Livingston,15146,39.7895065,-93.511778
MO,Macon,15153,39.8213225,-92.572901
MO,Madison,12188,37.477866,-90.3441325
MO,Maries,8769,38.1516465,-91.9141635
MO,Marion,28592,39.8029395,-91.5767125
MO,McDonald,23078,36.6325735,-94.342726
MO,Mercer,3641,40.4222345,-93.5707035
MO,Miller,25336,38.223648,-92.438629
MO,Mississippi,13336,36.818481,-89.309326
MO,Moniteau,16121,38.6749565,-92.6115875
MO,Monroe,8664,39.500363,-92.010981
MO,Montgomery,11534,38.9123675,-91.4537015
MO,Morgan,20358,38.4398155,-92.8514405
MO,New Madrid,17296,36.603213,-89.649977
MO,Newton,58266,36.9023075,-94.3389345
MO,Nodaway,22304,40.3523275,-94.9003755
MO,Oregon,10541,36.692918,-91.3971295
MO,Osage,13714,38.4976155,-91.9180235
MO,Ozark,9017,36.651648,-92.4423435
MO,Pemiscot,16272,36.2133345,-89.7479085
MO,Perry,19150,37.735891,-89.811355
MO,Pettis,42542,38.724579,-93.281598
MO,Phelps,44732,37.876191,-91.7771415
MO,Pike,18504,39.3688035,-91.090815
MO,Platte,102985,39.343225,-94.8518535
MO,Polk,32201,37.6233195,-93.402811
MO,Putnam,4757,40.46615,-93.019649
MO,Ralls,10212,39.502604,-91.4482395
MO,Randolph,24763,39.4284125,-92.504119
MO,Ray,22883,39.331012,-93.985489
MO,Reynolds,6254,37.327088,-91.024337
MO,Ripley,13401,36.6610105,-90.8507795
MO,St. Clair,9395,38.0234895,-93.7814775
MO,St. Francois,66692,37.859083,-90.3792055
MO,Ste. Genevieve,17888,37.8987205,-90.191972
MO,Saline,22895,39.169796,-93.1728005
MO,Schuyler,4599,40.4703695,-92.533985
MO,Scotland,4966,40.453337,-92.147439
MO,Shannon,8189,37.153294,-91.337637
MO,Shelby,6050,39.779288,-92.0698345
MO,Stoddard,29206,36.877403,-89.9717235
MO,Stone,31749,36.747109,-93.458644
MO,Sullivan,6221,40.209759,-93.1112635
MO,Taney,55852,36.657319,-93.0400965
MO,Texas,25571,37.327084,-91.949803
MO,Vernon,20528,37.849889,-94.33813
MO,Warren,34711,38.7701535,-91.1885865
MO,Washington,24943,37.9704415,-90.8699985
MO,Wayne,13122,37.1196785,-90.4449535
MO,Webster,39109,37.2772475,-92.8778745
MO,Worth,2040,40.4780805,-94.4231565
MO,Wright,18378,37.270599,-92.469739
OK,Canadian,144447,35.524866,-97.9923445
OK,Cleveland,281669,35.152772,-97.4068215
OK,Custer,29036,35.6383705,-99.0001005
OK,Garvin,27811,34.6809755,-97.3003765
OK,Grady,55551,35.029515,-97.8820565
OK,Jackson,24949,34.5953995,-99.444509
OK,Kay,44161,36.79643,-97.1061485
OK,Logan,47291,35.944552,-97.4080505
OK,McClain,39985,35.0959815,-97.3010905
OK,Oklahoma,792582,35.551415,-97.4075535
OK,Pawnee,16390,36.3621465,-96.6377065
OK,Payne,82040,36.093742,-96.9876145
OK,Washington,51843,36.711448,-95.8939155
OK,Adair,22082,35.9002255,-94.63999
OK,Alfalfa,5754,36.7310505,-98.3246375
OK,Atoka,13838,34.4186275,-96.03967
OK,Beaver,5319,36.750723,-100.478358
OK,Beckham,21709,35.269486,-99.680304
OK,Blaine,9485,35.8582085,-98.42187
OK,Bryan,47192,33.9218635,-96.1917675
OK,Caddo,28977,35.203258,-98.3576
OK,Carter,48177,34.289028,-97.2480365
OK,Cherokee,48675,35.9000855,-95.039383
OK,Choctaw,14668,34.0116365,-95.573733
OK,Cimarron,2153,36.7505535,-102.5153845
OK,Coal,5520,34.5929905,-96.302869
OK,Comanche,120422,34.630707,-98.457611
OK,Cotton,5776,34.2846955,-98.4004915
OK,Craig,14306,36.7547165,-95.212558
OK,Creek,71604,35.901279,-96.3254925
OK,Delaware,42733,36.4160105,-94.7871035
OK,Dewey,4894,35.9884055,-99.0070295
OK,Ellis,3952,36.2176695,-99.692392
OK,Garfield,60913,36.3790495,-97.7824665
OK,Grant,4326,36.796334,-97.7871655
OK,Greer,5821,34.9206955,-99.5674945
OK,Harmon,2664,34.768586,-99.8333035
OK,Harper,3797,36.7972295,-99.649173
OK,Haskell,12668,35.2585865,-95.1342915
OK,Hughes,13335,35.0288005,-96.236081
OK,Jefferson,6123,34.069388,-97.838022
OK,Johnston,10949,34.3102295,-96.6705005
OK,Kingfisher,15816,35.945015,-97.942285
OK,Kiowa,8729,34.8591475,-99.0145535
OK,Latimer,10231,34.869625,-95.221091
OK,Le Flore,49980,34.9465015,-94.7455655
OK,Lincoln,34920,35.7023485,-96.881069
OK,Love,10134,33.894015,-97.2479835
OK,Major,7644,36.3342455,-98.5323945
OK,Marshall,16806,33.9985115,-96.7618715
OK,Mayes,41107,36.292392,-95.222851
OK,McCurtain,32703,34.062012,-94.808835
OK,McIntosh,19815,35.3478675,-95.66418
OK,Murray,13953,34.4847885,-97.089723
OK,Muskogee,68362,35.559533,-95.408099
OK,Noble,11289,36.3795195,-97.17481
OK,Nowata,10218,36.7984235,-95.608696
OK,Okfuskee,12098,35.464493,-96.303086
OK,Okmulgee,38335,35.6168555,-95.9529005
OK,Osage,47014,36.58029,-96.5324585
OK,Ottawa,31175,36.833646,-94.8276855
OK,Pittsburg,43877,34.94721,-95.720638
OK,Pontotoc,38247,34.7348765,-96.669329
OK,Pottawatomie,72679,35.1819675,-96.883024
OK,Pushmataha,11179,34.4187965,-95.358515
OK,Roger Mills,3656,35.71729,-99.6822625
OK,Rogers,91984,36.336415,-95.571785
OK,Seminole,24578,35.162447,-96.6089985
OK,Sequoyah,41179,35.4657285,-94.781826
OK,Stephens,43265,34.485197,-97.8522355
OK,Texas,20455,36.74871,-101.488904
OK,Tillman,7348,34.381094,-98.9205355
OK,Wagoner,80110,35.963955,-95.513955
OK,Washita,11127,35.28134,-98.9911545
OK,Woods,8897,36.696386,-98.994837
OK,Woodward,20222,36.4905715,-99.280707
ID,Kootenai,161505,47.678798,-116.682741
ID,Canyon,223499,43.5852035,-116.7501815
ID,Ada,469966,43.4598845,-116.24405
ID,Blaine,22601,43.2825295,-114.0019295
ID,Twin Falls,86081,42.456197,-114.5194735
ID,Bingham,46236,43.2448975,-112.2977775
ID,Madison,39304,43.7761065,-111.6910275
ID,Teton,11640,43.7423015,-111.2230055
ID,Adams,4250,44.855946,-116.4952125
ID,Bannock,87138,42.639468,-112.313269
ID,Bear Lake,6050,42.300798,-111.3405555
ID,Benewah,9226,47.2183525,-116.684783
ID,Boise,7634,43.967345,-115.6299
ID,Bonner,44727,48.368808,-116.545502
ID,Bonneville,116854,43.3234,-111.7820105
ID,Boundary,11948,48.7508815,-116.5407715
ID,Butte,2611,43.7593055,-113.2464995
ID,Camas,1127,43.5284565,-114.7306415
ID,Caribou,7060,42.7191025,-111.596678
ID,Cassia,23864,42.337972,-113.6437515
ID,Clark,852,44.270728,-112.306375
ID,Clearwater,8758,46.60011,-115.525547
ID,Custer,4280,44.22387,-114.3127115
ID,Elmore,27259,43.4221765,-115.618713
ID,Franklin,13726,42.214087,-111.816775
ID,Fremont,13168,44.3192165,-111.601717
ID,Gem,17634,44.155654,-116.4324805
ID,Gooding,15196,42.9239015,-114.8405915
ID,Idaho,16513,45.888339,-115.5575175
ID,Jefferson,29439,43.8407325,-112.161773
ID,Jerome,24015,42.672911,-114.2745995
ID,Latah,40134,46.834525,-116.6845535
ID,Lemhi,7961,44.9674285,-113.816881
ID,Lewis,3861,46.2311445,-116.3631945
ID,Lincoln,5360,42.982269,-114.1543065
ID,Minidoka,20825,42.859717,-113.672965
ID,Nez Perce,40408,46.242557,-116.7125255
ID,Oneida,4488,42.249807,-112.535737
ID,Owyhee,11693,42.8384385,-116.0322455
ID,Payette,23551,43.972569,-116.7158615
ID,Power,7768,42.719296,-112.8116395
ID,Shoshone,12796,47.501243,-115.6467825
ID,Valley,11041,44.6837665,-115.453129
ID,Washington,10161,44.496301,-116.771392
KY,Adair,19215,37.1177325,-85.2850985
KY,Allen,21122,36.781963,-86.184202
KY,Anderson,22663,38.006761,-84.983185
KY,Ballard,7979,37.0726885,-88.9992305
KY,Barren,44176,36.9462675,-85.9529975
KY,Bath,12383,38.14977,-83.7251265
KY,Bell,26569,36.7691835,-83.7083665
KY,Boone,131533,38.9623755,-84.7476975
KY,Bourbon,20184,38.219389,-84.207715
KY,Boyd,47240,38.370449,-82.6946655
KY,Boyle,30100,37.624681,-84.845886
KY,Bracken,8239,38.689085,-84.0699395
KY,Breathitt,12726,37.5160525,-83.2641725
KY,Breckinridge,20388,37.8050585,-86.414578
KY,Bullitt,81069,37.962131,-85.6835755
KY,Butler,12772,37.1974445,-86.670278
KY,Caldwell,12715,37.1650795,-87.888199
KY,Calloway,39135,36.6237285,-88.260782
KY,Campbell,93152,38.964178,-84.368998
KY,Carlisle,4771,36.8634315,-88.996063
KY,Carroll,10737,38.6711255,-85.133794
KY,Carter,27004,38.337332,-83.056542
KY,Casey,15888,37.325398,-84.935648
KY,Christian,71671,36.898191,-87.4963695
KY,Clark,36249,37.969647,-84.1563345
KY,Clay,20105,37.14821,-83.737342
KY,Clinton,10206,36.7514885,-85.135412
KY,Crittenden,8915,37.3374,-88.079776
KY,Cumberland,6659,36.7783305,-85.4085145
KY,Daviess,101104,37.745518,-87.1128235
KY,Edmonson,12274,37.1970405,-86.2591295
KY,Elliott,7508,38.1312075,-83.078094
KY,Estill,14198,37.697961,-83.91924
KY,Fleming,14432,38.348172,-83.7164395
KY,Franklin,50815,38.2351815,-84.8744395
KY,Fulton,6120,36.5740825,-89.2031875
KY,Gallatin,8832,38.7596245,-84.8418455
KY,Garrard,17560,37.650266,-84.5463465
KY,Grant,25121,38.6376155,-84.6310435
KY,Graves,37317,36.723966,-88.651849
KY,Grayson,26321,37.469382,-86.3479905
KY,Green,11049,37.2905655,-85.525048
KY,Greenup,35268,38.5652555,-82.91595
KY,Hancock,8758,37.8272,-86.8047375
KY,Hardin,110356,37.723724,-85.977879
KY,Harlan,26409,36.84295,-83.183717
KY,Hart,18906,37.299155,-85.904149
KY,Henderson,45591,37.807209,-87.59935
KY,Henry,16106,38.466212,-85.107215
KY,Hickman,4421,36.65005,-89.007138
KY,Hopkins,45068,37.3377655,-87.5733355
KY,Jackson,13442,37.415986,-83.994063
KY,Jessamine,53920,37.8661475,-84.578866
KY,Johnson,22386,37.851758,-82.808521
KY,Kenton,166051,38.945415,-84.5209195
KY,Knott,15126,37.350915,-82.922758
KY,Knox,31304,36.871089,-83.8328845
KY,Larue,14307,37.57714,-85.679527
KY,Laurel,60669,37.1374975,-84.115369
KY,Lawrence,15571,38.072675,-82.743091
KY,Lee,7033,37.603544,-83.713939
KY,Leslie,10143,37.097772,-83.360602
KY,Letcher,21899,37.113128,-82.859388
KY,Lewis,13257,38.522488,-83.3370995
KY,Lincoln,24644,37.4393485,-84.6534245
KY,Livingston,9242,37.2035635,-88.379732
KY,Logan,26989,36.8584025,-86.836216
KY,Lyon,8009,37.0234335,-88.0586835
KY,Madison,92368,37.7164125,-84.30299
KY,Magoffin,12362,37.689787,-83.0734865
KY,Marion,19404,37.571348,-85.275731
KY,Marshall,31191,36.905571,-88.298264
KY,Martin,11323,37.8169125,-82.492598
KY,Mason,17150,38.61225,-83.8081005
KY,McCracken,65346,37.0849225,-88.708179
KY,McCreary,17408,36.775641,-84.502825
KY,McLean,9252,37.5329005,-87.2689535
KY,Meade,28715,37.998837,-86.2333585
KY,Menifee,6451,37.938613,-83.6041475
KY,Mercer,21774,37.824471,-84.8600445
KY,Metcalfe,10030,37.000233,-85.6093585
KY,Monroe,10718,36.728547,-85.7066715
KY,Montgomery,28203,38.047664,-83.9187205
KY,Morgan,13345,37.9140215,-83.23382
KY,Muhlenberg,30774,37.2282995,-87.141445
KY,Nelson,45851,37.759299,-85.4469355
KY,Nicholas,7166,38.326308,-84.013889
KY,Ohio,24087,37.4750335,-86.8581415
KY,Oldham,66470,38.4046835,-85.460565
KY,Owen,10880,38.5310345,-84.8283285
KY,Owsley,4472,37.39927,-83.703258
KY,Pendleton,14529,38.702144,-84.363829
KY,Perry,26092,37.209904,-83.2759785
KY,Pike,58402,37.4685305,-82.348832
KY,Powell,12442,37.825159,-83.8290145
KY,Pulaski,64623,37.111431,-84.5943865
KY,Robertson,2135,38.514795,-84.0571255
KY,Rockcastle,16750,37.345402,-84.318763
KY,Rowan,24583,38.2076785,-83.420226
KY,Russell,17821,37.006681,-85.055331
KY,Scott,56031,38.302724,-84.5712205
KY,Shelby,48518,38.197662,-85.2125825
KY,Simpson,18529,36.7582645,-86.5819065
KY,Spencer,18794,38.0436835,-85.306852
KY,Taylor,25549,37.3376915,-85.3294675
KY,Todd,12311,36.85867,-87.19307
KY,Trigg,14643,36.817675,-87.9085355
KY,Trimble,8515,38.614836,-85.312624
KY,Union,14505,37.6861475,-87.947366
KY,Warren,131264,36.9834,-86.393987
KY,Washington,12084,37.7730915,-85.2012345
KY,Wayne,20468,36.8004105,-84.8212325
KY,Webster,13111,37.499096,-87.6583955
KY,Whitley,36242,36.7802695,-84.116735
KY,Wolfe,7177,37.7421915,-83.4757885
KY,Woodford,26533,38.021315,-84.7449935
MA,Dukes and Nantucket,,,
ME,Androscoggin,107679,44.1969635,-70.23954
ME,Aroostook,67111,46.516267,-68.8868925
ME,Cumberland,293557,43.8532205,-70.357789
ME,Franklin,29897,45.063385,-70.3825825
ME,Hancock,54811,44.6761495,-68.402311
ME,Kennebec,122083,44.4139665,-69.7520405
ME,Knox,39771,44.14304,-69.0176625
ME,Lincoln,34342,44.06695,-69.5477905
ME,Oxford,57618,44.5661175,-70.661619
ME,Penobscot,151096,45.5199025,-68.6477135
ME,Piscataquis,16800,45.7925045,-69.3002725
ME,Sagadahoc,35634,43.9357215,-69.871
ME,Somerset,50592,45.5756585,-69.909808
ME,Waldo,39694,44.4866535,-69.151294
ME,Washington,31490,45.041545,-67.527456
ME,York,206229,43.436986,-70.6693605
MI,Barry,61157,42.5953165,-85.3085865
MI,Bay,103923,43.7379655,-83.9334715
MI,Berrien,154141,42.001413,-86.523884
MI,Calhoun,134487,42.245943,-85.004518
MI,Charlevoix,26244,45.4723485,-85.217248
MI,Clare,30757,43.9889575,-84.847423
MI,Clinton,79332,42.9443655,-84.600372
MI,Eaton,109826,42.596106,-84.837324
MI,Genesee,406892,43.001976,-83.6927175
MI,Ingham,292735,42.5993115,-84.371737
MI,Jackson,158823,42.24753,-84.424632
MI,Kent,653786,43.031205,-85.550144
MI,Leelanau,21764,45.109002,-85.8417115
MI,Livingston,191224,42.603706,-83.9114985
MI,Macomb,874759,42.672347,-82.905366
MI,Midland,83209,43.64722,-84.387429
MI,Monroe,150439,41.9089625,-83.4776985
MI,Montcalm,63968,43.29352,-85.1989215
MI,Otsego,24665,45.0284825,-84.6121395
MI,Ottawa,290494,42.98673,-86.027247
MI,Saginaw,190800,43.3486755,-84.032567
MI,St. Clair,159337,42.8437715,-82.704611
MI,Tuscola,52516,43.475171,-83.401597
MI,Washtenaw,370963,42.2533715,-83.8356795
MI,Wexford,33466,44.338583,-85.577593
MI,Alcona,10362,44.6836535,-83.5809385
MI,Alger,9097,46.4248025,-86.4905835
MI,Allegan,117327,42.5937585,-85.908542
MI,Alpena,28360,45.0317825,-83.5781675
MI,Antrim,23365,45.0099685,-85.1447795
MI,Arenac,15041,44.0370185,-83.865801
MI,Baraga,8320,46.693308,-88.3353905
MI,Benzie,17753,44.645681,-86.0370745
MI,Branch,43622,41.915917,-85.059378
MI,Cass,51653,41.9152675,-85.9931415
MI,Cheboygan,25413,45.493323,-84.469315
MI,Chippewa,37517,46.3427035,-84.355547
MI,Crawford,13901,44.68263,-84.610786
MI,Delta,35857,45.8505825,-86.9137555
MI,Dickinson,25383,45.9844745,-87.876012
MI,Emmet,33308,45.5302615,-84.9260625
MI,Gladwin,25337,43.987674,-84.3871055
MI,Gogebic,15096,46.431578,-89.704362
MI,Grand Traverse,92573,44.751678,-85.5753445
MI,Gratiot,40599,43.292048,-84.6068785
MI,Hillsdale,45749,41.8847725,-84.5934535
MI,Houghton,36219,46.8529005,-88.609394
MI,Huron,31166,43.869062,-83.036831
MI,Ionia,64210,42.9443645,-85.074701
MI,Iosco,25081,44.33676,-83.602122
MI,Iron,11117,46.1704445,-88.5539035
MI,Isabella,70562,43.640612,-84.847423
MI,Kalamazoo,264870,42.24538,-85.528989
MI,Kalkaska,17824,44.6853385,-85.0906545
MI,Keweenaw,2113,47.6953785,-88.4828365
MI,Lake,11881,43.991351,-85.8022135
MI,Lapeer,88028,43.1037405,-83.22219
MI,Lenawee,98266,41.8945275,-84.0632235
MI,Luce,6283,46.500167,-85.551432
MI,Mackinac,10787,45.9836895,-84.9897935
MI,Manistee,24528,44.3412375,-86.1023345
MI,Marquette,66516,46.44878,-87.6167435
MI,Mason,29100,43.997148,-86.276313
MI,Mecosta,43545,43.640912,-85.3237175
MI,Menominee,22983,45.5403475,-87.576249
MI,Missaukee,15113,44.336839,-85.0946665
MI,Montmorency,9265,45.0285455,-84.1259955
MI,Muskegon,173588,43.2953465,-86.1263215
MI,Newaygo,48892,43.5543185,-85.8009415
MI,Oceana,26625,43.6434265,-86.2894
MI,Ogemaw,20952,44.3347555,-84.12731
MI,Ontonagon,5795,46.6825815,-89.3762965
MI,Osceola,23341,43.989397,-85.325797
MI,Oscoda,8276,44.6818405,-84.1291955
MI,Presque Isle,12738,45.41277,-83.8168815
MI,Roscommon,23884,44.3357755,-84.611917
MI,St. Joseph,61043,41.915301,-85.5417565
MI,Sanilac,41182,43.422268,-82.8117765
MI,Schoolcraft,8068,46.131351,-86.2402665
MI,Shiawassee,68192,42.95428,-84.1452045
MI,Van Buren,75448,42.244998,-86.0639115
MN,Benton,40545,45.6906045,-94.0563
MN,Blue Earth,67427,44.056197,-94.069746
MN,Chisago,55922,45.5132505,-92.894288
MN,Clay,63955,46.890294,-96.5034365
MN,Dakota,425423,44.6957595,-93.0308285
MN,Dodge,20822,44.0225965,-92.862189
MN,Filmore,,,
MN,Hennepin,1259428,45.0161545,-93.472953
MN,Jackson,9911,43.6741695,-95.1544385
MN,Martin,19785,43.6742145,-94.550839
MN,Mower,40011,43.674059,-92.749236
MN,Nicollet,34220,44.3060845,-94.354921
MN,Renville,14612,44.674182,-94.9903095
MN,Rice,66523,44.369966,-93.2823575
MN,Scott,147381,44.678085,-93.594287
MN,Stearns,159256,45.5290025,-94.5935915
MN,St. Louis,199754,47.640367,-92.444011
MN,Steele,36803,44.022418,-93.226276
MN,Wabasha,21645,44.2810725,-92.204632
MN,Waseca,18691,44.0221665,-93.587268
MN,Washington,259201,45.021317,-92.8805245
MN,Wright,136349,45.2004125,-93.8893675
MN,Aitkin,15902,46.5922045,-93.432493
MN,Becker,34371,46.9340225,-95.6784685
MN,Beltrami,46847,47.9750295,-95.0082935
MN,Big Stone,4989,45.381402,-96.4695325
MN,Brown,25111,44.303117,-94.7388135
MN,Carlton,35837,46.593232,-92.678232
MN,Cass,29519,46.8792245,-94.280568
MN,Chippewa,11924,44.9524445,-95.641594
MN,Clearwater,8810,47.586005,-95.3760295
MN,Cook,5393,47.855374,-90.260538
MN,Cottonwood,11277,44.0219265,-95.1609675
MN,Crow Wing,64889,46.4810575,-94.085871
MN,Douglas,37964,45.9329315,-95.454291
MN,Faribault,13758,43.6738295,-93.9481275
MN,Fillmore,21058,43.674347,-92.089591
MN,Freeborn,30444,43.6738995,-93.3488625
MN,Goodhue,46403,44.4542935,-92.6415845
MN,Grant,6021,45.9340975,-96.012334
MN,Houston,18578,43.6737515,-91.4738885
MN,Hubbard,21332,47.1082445,-94.9210295
MN,Isanti,39966,45.573044,-93.266623
MN,Itasca,45108,47.462071,-93.7374915
MN,Kanabec,16207,45.94505,-93.2863715
MN,Kandiyohi,42855,45.1520855,-95.006374
MN,Kittson,4248,48.771938,-96.813342
MN,Koochiching,12440,48.2788805,-93.755514
MN,Lac qui Parle,6658,45.037136,-96.0949815
MN,Lake,10658,47.572349,-91.4099255
MN,Lake of the Woods,3758,48.8751645,-94.885716
MN,Le Sueur,28494,44.369727,-93.769798
MN,Lincoln,5673,44.413985,-96.265677
MN,Lyon,25629,44.413008,-95.843385
MN,McLeod,35873,44.804808,-94.2561295
MN,Mahnomen,5519,47.3257365,-95.8094035
MN,Marshall,9390,48.358052,-96.378152
MN,Meeker,23141,45.109401,-94.50969
MN,Mille Lacs,26139,45.902961,-93.6205895
MN,Morrison,33169,46.061314,-94.208705
MN,Murray,8276,44.022168,-95.7635235
MN,Nobles,21924,43.6744675,-95.752683
MN,Norman,6475,47.324829,-96.465665
MN,Otter Tail,58812,46.4123075,-95.713384
MN,Pennington,14178,48.054435,-96.041528
MN,Pine,29483,46.0746465,-92.7178255
MN,Pipestone,9047,44.0229095,-96.2585915
MN,Polk,31529,47.83643,-96.3500685
MN,Pope,11097,45.5861225,-95.444994
MN,Red Lake,3999,47.862315,-96.095849
MN,Redwood,15249,44.446792,-95.2303205
MN,Rock,9414,43.674841,-96.252864
MN,Roseau,15150,48.7692585,-95.7476355
MN,Sherburne,96036,45.4026645,-93.8297685
MN,Sibley,15028,44.5869425,-94.1981835
MN,Stevens,9753,45.5859625,-96.000712
MN,Swift,9345,45.2823655,-95.682408
MN,Todd,24582,46.071148,-94.8996215
MN,Traverse,3308,45.803686,-96.5553885
MN,Wadena,13773,46.5866625,-94.9459705
MN,Watonwan,10980,43.9783725,-94.6143265
MN,Wilkin,6254,46.326227,-96.524731
MN,Winona,50825,44.019969,-91.6818145
MN,Yellow Medicine,9795,44.738971,-95.9060325
MT,Broadwater,6085,46.30766,-111.4225565
MT,Flathead,102106,48.2988765,-113.949347
MT,Gallatin,111876,45.3336715,-111.2945515
MT,Lewis and Clark,68700,47.184233,-112.3316935
MT,Madison,8768,45.2828225,-112.0275815
MT,Missoula,118791,47.116106,-114.050054
MT,Ravalli,43172,46.0601695,-114.041255
MT,Roosevelt,11059,48.2799575,-104.9439585
MT,Silver Bow,34993,45.904611,-112.6378715
MT,Yellowstone,160137,45.9782615,-108.1940915
MT,Beaverhead,9404,45.149514,-112.705168
MT,Big Horn,13338,45.5187075,-107.481703
MT,Blaine,6807,48.360516,-108.8939195
MT,Carbon,10714,45.3190545,-108.963333
MT,Carter,1238,45.567062,-104.538984
MT,Cascade,81643,47.2611155,-111.341797
MT,Chouteau,5745,47.8609085,-110.4710255
MT,Custer,11586,46.323737,-105.462357
MT,Daniels,1747,48.7814035,-105.5626115
MT,Dawson,8680,47.32582,-104.8560375
MT,Deer Lodge,9131,46.0124215,-113.037969
MT,Fallon,2920,46.2834485,-104.474954
MT,Fergus,11113,47.24839,-109.2630165
MT,Garfield,1268,47.4141335,-107.02452
MT,Glacier,13747,48.6541455,-113.126264
MT,Golden Valley,826,46.397747,-109.2167095
MT,Granite,3378,46.3859075,-113.452452
MT,Hill,16347,48.5666115,-110.110217
MT,Jefferson,12097,46.158687,-112.1289045
MT,Judith Basin,1952,47.044946,-110.267156
MT,Lake,30250,47.5950515,-114.101436
MT,Liberty,2430,48.5653875,-111.075926
MT,Lincoln,19794,48.4538305,-115.330964
MT,McCone,1675,47.595436,-105.812306
MT,Meagher,1866,46.636197,-110.9657035
MT,Mineral,4316,47.0969245,-115.0754655
MT,Musselshell,4651,46.444194,-108.395508
MT,Park,16736,45.5923225,-110.4224055
MT,Petroleum,513,47.173854,-108.282233
MT,Phillips,4074,48.2253285,-108.035443
MT,Pondera,5972,48.2341245,-112.3789825
MT,Powder River,1716,45.3911235,-105.630556
MT,Powell,6968,46.93311,-112.880099
MT,Prairie,1087,46.861096,-105.3452715
MT,Richland,10913,47.7458535,-104.638271
MT,Rosebud,9063,46.0188375,-106.9918455
MT,Sanders,11844,47.682343,-115.118263
MT,Sheridan,3424,48.694558,-104.552364
MT,Stillwater,9534,45.6497295,-109.453258
MT,Sweet Grass,3710,45.6963105,-109.8550005
MT,Teton,6162,47.816303,-112.2126945
MT,Toole,4853,48.6091665,-111.7318485
MT,Treasure,679,46.176214,-107.3387635
MT,Valley,7437,48.3306625,-106.6096155
MT,Wheatland,2236,46.4860435,-109.834929
MT,Wibaux,1034,47.019576,-104.3259025
SC,Richland,414576,34.0059985,-80.972544
SC,Greenville,514213,34.849702,-82.455628
SC,Beaufort,188715,32.3920565,-80.721542
SC,Lexington,295032,33.925262,-81.2482265
SC,Anderson,200482,34.5141315,-82.6531055
SC,Horry,344147,33.9355835,-78.9354445
SC,Greenwood,70741,34.181443,-82.1013845
SC,Orangeburg,86934,33.4420305,-80.797599
SC,Sumter,106512,33.9063035,-80.2683755
SC,Darlington,66802,34.310535,-79.973228
SC,York,274118,34.9928175,-81.179401
SC,Abbeville,24541,34.2489695,-82.4905485
SC,Aiken,169401,33.537676,-81.5998485
SC,Berkeley,221091,33.162452,-79.904275
SC,Calhoun,14520,33.673043,-80.7778705
SC,Clarendon,33700,33.688693,-80.205384
SC,Colleton,37660,32.8258745,-80.6659285
SC,Dillon,30599,34.4259745,-79.352291
SC,Dorchester,160647,33.0763415,-80.434662
SC,Edgefield,27052,33.754501,-81.917373
SC,Fairfield,22402,34.3732905,-81.0987355
SC,Florence,138159,34.0402735,-79.696915
SC,Lee,17142,34.159143,-80.240956
SC,Marlboro,26398,34.5522745,-79.6923275
SC,Newberry,38520,34.30257,-81.630965
SC,Saluda,20544,34.0010615,-81.741122
SC,Allendale,8903,32.951466,-81.3482945
SC,Bamberg,14275,33.233315,-81.012858
SC,Barnwell,21112,33.2916845,-81.482767
SC,Cherokee,57078,35.0116965,-81.620516
SC,Chester,32251,34.6823275,-81.173933
SC,Chesterfield,45754,34.591844,-80.1707055
SC,Georgetown,62249,33.4449645,-79.339747
SC,Hampton,19351,32.791535,-81.126913
SC,Jasper,28971,32.393829,-81.051263
SC,Laurens,66994,34.494351,-81.979048
SC,McCormick,9410,33.8355325,-82.319809
SC,Marion,31039,33.997411,-79.3442495
SC,Oconee,78374,34.7640765,-83.088026
SC,Pickens,124937,34.854406,-82.711132
SC,Union,27410,34.6788055,-81.634948
SC,Williamsburg,30606,33.598341,-79.709369
WV,Jackson,28706,38.824874,-81.706617
WV,Jefferson,56811,39.3159145,-77.8767365
WV,Kanawha,180454,38.2972175,-81.554655
WV,Marshall,30785,39.8770845,-80.694412
WV,Mercer,59131,37.415795,-81.1058035
WV,Monongalia,106420,39.578469,-80.0925805
WV,Putnam,56682,38.4754095,-81.880455
WV,Tucker,6955,39.1179535,-79.5662785
WV,Barbour,16535,39.12341,-80.018451
WV,Berkeley,117123,39.4426275,-78.0261605
WV,Boone,21951,37.996957,-81.713819
WV,Braxton,14089,38.705606,-80.7393255
WV,Brooke,22203,40.2797135,-80.5998995
WV,Cabell,93224,38.4135225,-82.277402
WV,Calhoun,7254,38.827282,-81.131681
WV,Clay,8632,38.4657775,-81.050648
WV,Doddridge,8406,39.2708465,-80.7197745
WV,Fayette,43018,38.0413175,-81.064793
WV,Gilmer,8026,38.9136495,-80.8312565
WV,Grant,11626,39.071152,-79.2335365
WV,Greenbrier,34786,37.9768865,-80.4268625
WV,Hampshire,23347,39.314071,-78.659428
WV,Hancock,29094,40.516904,-80.5928235
WV,Hardy,13775,38.9995185,-78.821214
WV,Harrison,67554,39.285204,-80.385344
WV,Lewis,16024,38.947605,-80.5142675
WV,Lincoln,20599,38.159036,-82.0540495
WV,Logan,32607,37.8329815,-81.902213
WV,McDowell,18223,37.3751965,-81.6538895
WV,Marion,56097,39.513452,-80.2164815
WV,Mason,26718,38.7523125,-81.9972045
WV,Mineral,26940,39.4430555,-78.9648485
WV,Mingo,23785,37.7434935,-82.1080105
WV,Monroe,13280,37.5520295,-80.5397285
WV,Morgan,17787,39.5436,-78.2455205
WV,Nicholas,24842,38.318389,-80.834075
WV,Ohio,41755,40.100988,-80.628782
WV,Pendleton,6997,38.6846925,-79.353164
WV,Pleasants,7507,39.37238,-81.1895535
WV,Pocahontas,8414,38.3881385,-79.9912895
WV,Preston,33839,39.4580755,-79.688159
WV,Raleigh,74254,37.7482235,-81.222831
WV,Randolph,28823,38.75338,-79.8148125
WV,Ritchie,9721,39.198952,-81.0700025
WV,Roane,13932,38.7317375,-81.3151705
WV,Summers,12760,37.648608,-80.877538
WV,Taylor,16862,39.3453575,-80.04857
WV,Tyler,8746,39.450612,-80.8700505
WV,Upshur,24415,38.898544,-80.2269845
WV,Wayne,39944,38.1321145,-82.4227085
WV,Webster,8285,38.482507,-80.431111
WV,Wetzel,15270,39.5752615,-80.669515
WV,Wirt,5830,39.0406025,-81.371951
WV,Wood,84203,39.2182765,-81.4978655
WV,Wyoming,20786,37.6060385,-81.53903
