date,state,positive,death
2020-03-22,AK,20,0
2020-03-22,AL,157,0
2020-03-22,AR,165,0
2020-03-22,AS,0,0
2020-03-22,AZ,152,2
2020-03-22,CA,1646,30
2020-03-22,CO,591,6
2020-03-22,CT,327,8
2020-03-22,DC,0,0
2020-03-22,DE,56,0
2020-03-22,FL,1004,13
2020-03-22,GA,621,25
2020-03-22,GU,27,1
2020-03-22,HI,53,0
2020-03-22,IA,90,0
2020-03-22,ID,42,0
2020-03-22,IL,1049,9
2020-03-22,IN,204,6
2020-03-22,KS,65,2
2020-03-22,KY,103,3
2020-03-22,LA,837,20
2020-03-22,MA,646,5
2020-03-22,MD,244,3
2020-03-22,ME,89,0
2020-03-22,MI,1035,9
2020-03-22,MN,167,1
2020-03-22,MO,87,3
2020-03-22,MP,0,0
2020-03-22,MS,207,1
2020-03-22,MT,34,0
2020-03-22,NC,305,0
2020-03-22,ND,28,0
2020-03-22,NE,51,0
2020-03-22,NH,74,0
2020-03-22,NJ,1914,20
2020-03-22,NM,57,0
2020-03-22,NV,190,2
2020-03-22,NY,15800,117
2020-03-22,OH,356,3
2020-03-22,OK,67,2
2020-03-22,OR,161,5
2020-03-22,PA,509,4
2020-03-22,PR,23,1
2020-03-22,RI,83,0
2020-03-22,SC,196,3
2020-03-22,SD,21,1
2020-03-22,TN,505,2
2020-03-22,TX,643,7
2020-03-22,UT,162,1
2020-03-22,VA,220,6
2020-03-22,VT,52,2
2020-03-22,WA,1997,97
2020-03-22,WI,381,4
2020-03-22,WV,16,0
2020-03-22,WY,26,0
2020-03-23,AK,30,0
2020-03-23,AL,196,0
2020-03-23,AR,192,0
2020-03-23,AS,0,0
2020-03-23,AZ,235,2
2020-03-23,CA,2108,39
2020-03-23,CO,704,7
2020-03-23,CT,415,10
2020-03-23,DC,120,2
2020-03-23,DE,68,0
2020-03-23,FL,1227,18
2020-03-23,GA,772,25
2020-03-23,GU,29,1
2020-03-23,HI,56,0
2020-03-23,IA,105,0
2020-03-23,ID,68,0
2020-03-23,IL,1285,12
2020-03-23,IN,270,7
2020-03-23,KS,84,2
2020-03-23,KY,123,4
2020-03-23,LA,1172,35
2020-03-23,MA,777,9
2020-03-23,MD,290,3
2020-03-23,ME,107,0
2020-03-23,MI,1329,15
2020-03-23,MN,234,1
2020-03-23,MO,187,4
2020-03-23,MP,0,0
2020-03-23,MS,249,1
2020-03-23,MT,34,0
2020-03-23,NC,353,0
2020-03-23,ND,30,0
2020-03-23,NE,51,0
2020-03-23,NH,101,1
2020-03-23,NJ,2844,27
2020-03-23,NM,83,0
2020-03-23,NV,245,4
2020-03-23,NY,20884,158
2020-03-23,OH,443,6
2020-03-23,OK,81,2
2020-03-23,OR,191,5
2020-03-23,PA,698,6
2020-03-23,PR,31,2
2020-03-23,RI,106,0
2020-03-23,SC,298,5
2020-03-23,SD,28,1
2020-03-23,TN,614,2
2020-03-23,TX,758,9
2020-03-23,UT,257,1
2020-03-23,VA,254,6
2020-03-23,VT,75,5
2020-03-23,WA,2221,109
2020-03-23,WI,425,5
2020-03-23,WV,16,0
2020-03-23,WY,26,0
2020-03-24,AK,34,0
2020-03-24,AL,242,0
2020-03-24,AR,219,2
2020-03-24,AS,0,0
2020-03-24,AZ,326,5
2020-03-24,CA,2538,50
2020-03-24,CO,723,8
2020-03-24,CT,618,12
2020-03-24,DC,141,2
2020-03-24,DE,104,0
2020-03-24,FL,1412,18
2020-03-24,GA,1026,32
2020-03-24,GU,32,1
2020-03-24,HI,90,1
2020-03-24,IA,124,0
2020-03-24,ID,81,0
2020-03-24,IL,1537,16
2020-03-24,IN,368,12
2020-03-24,KS,100,2
2020-03-24,KY,162,4
2020-03-24,LA,1388,46
2020-03-24,MA,1159,11
2020-03-24,MD,349,4
2020-03-24,ME,118,0
2020-03-24,MI,1793,24
2020-03-24,MN,261,1
2020-03-24,MO,257,7
2020-03-24,MP,0,0
2020-03-24,MS,320,1
2020-03-24,MT,51,0
2020-03-24,NC,495,0
2020-03-24,ND,36,0
2020-03-24,NE,66,0
2020-03-24,NH,101,1
2020-03-24,NJ,3675,44
2020-03-24,NM,100,0
2020-03-24,NV,278,4
2020-03-24,NY,25681,210
2020-03-24,OH,567,8
2020-03-24,OK,106,3
2020-03-24,OR,210,8
2020-03-24,PA,946,8
2020-03-24,PR,39,2
2020-03-24,RI,124,0
2020-03-24,SC,342,5
2020-03-24,SD,30,1
2020-03-24,TN,772,2
2020-03-24,TX,955,12
2020-03-24,UT,298,1
2020-03-24,VA,293,9
2020-03-24,VT,95,7
2020-03-24,WA,2328,116
2020-03-24,WI,481,5
2020-03-24,WV,22,0
2020-03-24,WY,29,0
2020-03-25,AK,41,1
2020-03-25,AL,381,1
2020-03-25,AR,280,2
2020-03-25,AS,0,0
2020-03-25,AZ,401,6
2020-03-25,CA,2998,65
2020-03-25,CO,1021,16
2020-03-25,CT,875,19
2020-03-25,DC,187,2
2020-03-25,DE,119,0
2020-03-25,FL,1682,23
2020-03-25,GA,1247,40
2020-03-25,GU,37,1
2020-03-25,HI,91,0
2020-03-25,IA,146,1
2020-03-25,ID,91,0
2020-03-25,IL,1865,19
2020-03-25,IN,477,14
2020-03-25,KS,134,3
2020-03-25,KY,197,5
2020-03-25,LA,1795,65
2020-03-25,MA,1838,15
2020-03-25,MD,425,4
2020-03-25,ME,142,0
2020-03-25,MI,2296,43
2020-03-25,MN,286,1
2020-03-25,MO,354,8
2020-03-25,MP,0,0
2020-03-25,MS,377,3
2020-03-25,MT,65,0
2020-03-25,NC,590,2
2020-03-25,ND,45,0
2020-03-25,NE,71,0
2020-03-25,NH,108,1
2020-03-25,NJ,4402,62
2020-03-25,NM,113,1
2020-03-25,NV,323,6
2020-03-25,NY,30841,285
2020-03-25,OH,704,11
2020-03-25,OK,164,5
2020-03-25,OR,266,10
2020-03-25,PA,1260,15
2020-03-25,PR,51,2
2020-03-25,RI,132,0
2020-03-25,SC,424,7
2020-03-25,SD,41,1
2020-03-25,TN,916,3
2020-03-25,TX,1229,15
2020-03-25,UT,340,1
2020-03-25,VA,396,9
2020-03-25,VT,125,8
2020-03-25,WA,2591,133
2020-03-25,WI,621,7
2020-03-25,WV,39,0
2020-03-25,WY,44,0
2020-03-26,AK,56,1
2020-03-26,AL,517,1
2020-03-26,AR,335,2
2020-03-26,AS,0,0
2020-03-26,AZ,508,8
2020-03-26,CA,3899,81
2020-03-26,CO,1430,19
2020-03-26,CT,1012,21
2020-03-26,DC,231,3
2020-03-26,DE,130,1
2020-03-26,FL,2357,29
2020-03-26,GA,1525,48
2020-03-26,GU,45,1
2020-03-26,HI,95,0
2020-03-26,IA,179,1
2020-03-26,ID,146,3
2020-03-26,IL,2538,26
2020-03-26,IN,645,17
2020-03-26,KS,172,3
2020-03-26,KY,247,5
2020-03-26,LA,2304,83
2020-03-26,MA,2417,25
2020-03-26,MD,583,4
2020-03-26,ME,155,0
2020-03-26,MI,2845,61
2020-03-26,MN,344,2
2020-03-26,MO,520,9
2020-03-26,MP,0,0
2020-03-26,MS,485,6
2020-03-26,MT,90,0
2020-03-26,NC,738,3
2020-03-26,ND,51,0
2020-03-26,NE,74,0
2020-03-26,NH,137,1
2020-03-26,NJ,6876,81
2020-03-26,NM,113,1
2020-03-26,NV,420,10
2020-03-26,NY,37877,385
2020-03-26,OH,868,15
2020-03-26,OK,248,7
2020-03-26,OR,316,11
2020-03-26,PA,1795,18
2020-03-26,PR,64,2
2020-03-26,RI,165,0
2020-03-26,SC,424,9
2020-03-26,SD,46,1
2020-03-26,TN,1097,3
2020-03-26,TX,1563,21
2020-03-26,UT,396,1
2020-03-26,VA,466,10
2020-03-26,VT,158,9
2020-03-26,WA,3207,150
2020-03-26,WI,728,10
2020-03-26,WV,52,0
2020-03-26,WY,53,0
2020-03-27,AK,58,1
2020-03-27,AL,587,4
2020-03-27,AR,381,3
2020-03-27,AS,0,0
2020-03-27,AZ,665,13
2020-03-27,CA,4657,94
2020-03-27,CO,1433,27
2020-03-27,CT,1291,27
2020-03-27,DC,271,3
2020-03-27,DE,163,2
2020-03-27,FL,2900,35
2020-03-27,GA,2000,64
2020-03-27,GU,51,1
2020-03-27,HI,106,0
2020-03-27,IA,235,3
2020-03-27,ID,205,3
2020-03-27,IL,3024,34
2020-03-27,IN,979,25
2020-03-27,KS,206,4
2020-03-27,KY,301,7
2020-03-27,LA,2744,119
2020-03-27,MA,3240,35
2020-03-27,MD,775,5
2020-03-27,ME,168,1
2020-03-27,MI,3634,92
2020-03-27,MN,396,4
2020-03-27,MO,666,9
2020-03-27,MP,0,0
2020-03-27,MS,579,8
2020-03-27,MT,109,1
2020-03-27,NC,887,4
2020-03-27,ND,68,1
2020-03-27,NE,82,0
2020-03-27,NH,158,1
2020-03-27,NJ,8825,108
2020-03-27,NM,136,1
2020-03-27,NV,536,10
2020-03-27,NY,44876,527
2020-03-27,OH,1137,19
2020-03-27,OK,322,8
2020-03-27,OR,416,12
2020-03-27,PA,2345,22
2020-03-27,PR,79,3
2020-03-27,RI,203,0
2020-03-27,SC,542,13
2020-03-27,SD,58,1
2020-03-27,TN,1318,6
2020-03-27,TX,1937,26
2020-03-27,UT,472,1
2020-03-27,VA,607,10
2020-03-27,VT,184,10
2020-03-27,WA,3477,157
2020-03-27,WI,926,14
2020-03-27,WV,76,0
2020-03-27,WY,70,0
2020-03-28,AK,85,2
2020-03-28,AL,694,4
2020-03-28,AR,409,5
2020-03-28,AS,0,0
2020-03-28,AZ,773,15
2020-03-28,CA,5095,110
2020-03-28,CO,1740,31
2020-03-28,CT,1524,33
2020-03-28,DC,304,4
2020-03-28,DE,214,5
2020-03-28,FL,3763,54
2020-03-28,GA,2366,69
2020-03-28,GU,55,1
2020-03-28,HI,149,0
2020-03-28,IA,298,3
2020-03-28,ID,234,4
2020-03-28,IL,3491,47
2020-03-28,IN,1233,31
2020-03-28,KS,266,4
2020-03-28,KY,393,9
2020-03-28,LA,3315,137
2020-03-28,MA,4257,44
2020-03-28,MD,995,5
2020-03-28,ME,211,1
2020-03-28,MI,4650,111
2020-03-28,MN,441,5
2020-03-28,MO,836,10
2020-03-28,MP,0,0
2020-03-28,MS,663,13
2020-03-28,MT,129,1
2020-03-28,NC,1020,5
2020-03-28,ND,94,1
2020-03-28,NE,96,2
2020-03-28,NH,187,2
2020-03-28,NJ,11124,140
2020-03-28,NM,208,1
2020-03-28,NV,626,10
2020-03-28,NY,52410,728
2020-03-28,OH,1406,25
2020-03-28,OK,377,15
2020-03-28,OR,479,13
2020-03-28,PA,2845,34
2020-03-28,PR,100,3
2020-03-28,RI,239,2
2020-03-28,SC,660,15
2020-03-28,SD,68,1
2020-03-28,TN,1511,7
2020-03-28,TX,2455,30
2020-03-28,UT,602,1
2020-03-28,VA,740,13
2020-03-28,VT,211,12
2020-03-28,WA,4030,188
2020-03-28,WI,1055,17
2020-03-28,WV,96,0
2020-03-28,WY,82,0
2020-03-29,AK,102,2
2020-03-29,AL,825,10
2020-03-29,AR,426,6
2020-03-29,AS,0,0
2020-03-29,AZ,919,17
2020-03-29,CA,5852,124
2020-03-29,CO,2307,47
2020-03-29,CT,1993,34
2020-03-29,DC,342,5
2020-03-29,DE,232,6
2020-03-29,FL,4246,56
2020-03-29,GA,2651,80
2020-03-29,GU,56,1
2020-03-29,HI,149,0
2020-03-29,IA,336,4
2020-03-29,ID,281,5
2020-03-29,IL,4596,66
2020-03-29,IN,1513,32
2020-03-29,KS,330,7
2020-03-29,KY,438,9
2020-03-29,LA,3540,151
2020-03-29,MA,4955,48
2020-03-29,MD,1239,10
2020-03-29,ME,253,3
2020-03-29,MI,5488,132
2020-03-29,MN,503,9
2020-03-29,MO,915,13
2020-03-29,MP,0,0
2020-03-29,MS,759,14
2020-03-29,MT,154,1
2020-03-29,NC,1191,7
2020-03-29,ND,98,1
2020-03-29,NE,108,2
2020-03-29,NH,214,2
2020-03-29,NJ,13386,161
2020-03-29,NM,237,2
2020-03-29,NV,920,15
2020-03-29,NY,59648,965
2020-03-29,OH,1653,29
2020-03-29,OK,429,16
2020-03-29,OR,548,13
2020-03-29,PA,3432,41
2020-03-29,PR,127,3
2020-03-29,RI,294,3
2020-03-29,SC,774,16
2020-03-29,SD,90,1
2020-03-29,TN,1720,8
2020-03-29,TX,2792,37
2020-03-29,UT,720,2
2020-03-29,VA,890,20
2020-03-29,VT,235,12
2020-03-29,WA,4465,198
2020-03-29,WI,1164,18
2020-03-29,WV,113,0
2020-03-29,WY,86,0
2020-03-30,AK,114,3
2020-03-30,AL,899,10
2020-03-30,AR,473,7
2020-03-30,AS,0,0
2020-03-30,AZ,1157,20
2020-03-30,CA,7138,146
2020-03-30,CO,2311,47
2020-03-30,CT,2571,36
2020-03-30,DC,401,9
2020-03-30,DE,264,6
2020-03-30,FL,5473,63
2020-03-30,GA,2808,87
2020-03-30,GU,58,1
2020-03-30,HI,175,0
2020-03-30,IA,424,6
2020-03-30,ID,340,6
2020-03-30,IL,5056,73
2020-03-30,IN,1786,35
2020-03-30,KS,372,8
2020-03-30,KY,479,11
2020-03-30,LA,4025,185
2020-03-30,MA,5752,56
2020-03-30,MD,1413,15
2020-03-30,ME,275,3
2020-03-30,MI,6498,184
2020-03-30,MN,576,10
2020-03-30,MO,1051,13
2020-03-30,MP,0,0
2020-03-30,MS,847,16
2020-03-30,MT,171,5
2020-03-30,NC,1313,7
2020-03-30,ND,109,2
2020-03-30,NE,145,2
2020-03-30,NH,314,3
2020-03-30,NJ,16636,198
2020-03-30,NM,237,2
2020-03-30,NV,1012,15
2020-03-30,NY,66663,1218
2020-03-30,OH,1933,40
2020-03-30,OK,481,16
2020-03-30,OR,606,16
2020-03-30,PA,4155,50
2020-03-30,PR,174,6
2020-03-30,RI,408,4
2020-03-30,SC,925,18
2020-03-30,SD,101,1
2020-03-30,TN,1917,14
2020-03-30,TX,3147,45
2020-03-30,UT,804,4
2020-03-30,VA,1020,15
2020-03-30,VT,256,12
2020-03-30,WA,4923,205
2020-03-30,WI,1230,20
2020-03-30,WV,145,1
2020-03-30,WY,94,0
2020-03-31,AK,119,3
2020-03-31,AL,987,23
2020-03-31,AR,523,8
2020-03-31,AZ,1289,24
2020-03-31,CA,8210,173
2020-03-31,CO,2966,69
2020-03-31,CT,3128,69
2020-03-31,DC,495,9
2020-03-31,DE,319,10
2020-03-31,FL,6741,85
2020-03-31,GA,3929,111
2020-03-31,GU,69,2
2020-03-31,HI,204,0
2020-03-31,IA,497,7
2020-03-31,ID,515,8
2020-03-31,IL,5994,99
2020-03-31,IN,2158,49
2020-03-31,KS,434,9
2020-03-31,KY,628,11
2020-03-31,LA,5237,239
2020-03-31,MA,6620,89
2020-03-31,MD,1660,18
2020-03-31,ME,303,5
2020-03-31,MI,7615,259
2020-03-31,MN,629,12
2020-03-31,MO,1357,15
2020-03-31,MP,2,0
2020-03-31,MS,937,20
2020-03-31,MT,198,5
2020-03-31,NC,1535,12
2020-03-31,ND,122,3
2020-03-31,NE,172,3
2020-03-31,NH,357,3
2020-03-31,NJ,18696,267
2020-03-31,NM,315,4
2020-03-31,NV,1114,26
2020-03-31,NY,75833,1550
2020-03-31,OH,2199,55
2020-03-31,OK,568,23
2020-03-31,OR,690,18
2020-03-31,PA,4963,63
2020-03-31,PR,239,8
2020-03-31,RI,488,8
2020-03-31,SC,1083,22
2020-03-31,SD,108,1
2020-03-31,TN,2391,23
2020-03-31,TX,3809,54
2020-03-31,UT,888,5
2020-03-31,VA,1249,27
2020-03-31,VT,293,13
2020-03-31,WA,5432,225
2020-03-31,WI,1412,25
2020-03-31,WV,162,1
2020-03-31,WY,109,0
2020-04-01,AK,132,3
2020-04-01,AL,1060,27
2020-04-01,AR,584,10
2020-04-01,AZ,1530,29
2020-04-01,CA,9399,199
2020-04-01,CO,2982,69
2020-04-01,CT,3557,85
2020-04-01,DC,586,9
2020-04-01,DE,368,11
2020-04-01,FL,6956,87
2020-04-01,GA,4638,139
2020-04-01,HI,224,1
2020-04-01,IA,547,9
2020-04-01,ID,566,9
2020-04-01,IL,6980,141
2020-04-01,IN,2564,65
2020-04-01,KS,485,10
2020-04-01,KY,632,18
2020-04-01,LA,6424,273
2020-04-01,MA,7738,122
2020-04-01,MD,1986,31
2020-04-01,ME,303,5
2020-04-01,MI,9315,335
2020-04-01,MN,689,17
2020-04-01,MO,1613,18
2020-04-01,MS,1073,22
2020-04-01,MT,208,6
2020-04-01,NC,1675,14
2020-04-01,ND,142,3
2020-04-01,NE,210,4
2020-04-01,NH,367,3
2020-04-01,NJ,22255,355
2020-04-01,NM,340,5
2020-04-01,NV,1279,31
2020-04-01,NY,83948,1941
2020-04-01,OH,2547,65
2020-04-01,OK,721,30
2020-04-01,OR,736,19
2020-04-01,PA,6009,74
2020-04-01,RI,566,10
2020-04-01,SC,1293,26
2020-04-01,SD,129,2
2020-04-01,TN,2933,24
2020-04-01,TX,4355,66
2020-04-01,UT,888,5
2020-04-01,VA,1483,34
2020-04-01,VT,321,16
2020-04-01,WA,5608,234
2020-04-01,WI,1556,27
2020-04-01,WV,191,1
2020-04-01,WY,130,0
2020-04-02,AK,143,3
2020-04-02,AL,1233,32
2020-04-02,AR,643,12
2020-04-02,AZ,1715,32
2020-04-02,CA,10773,238
2020-04-02,CO,3342,80
2020-04-02,CT,3824,112
2020-04-02,DC,653,12
2020-04-02,DE,393,12
2020-04-02,FL,9008,164
2020-04-02,GA,5348,163
2020-04-02,GU,82,3
2020-04-02,HI,256,1
2020-04-02,IA,614,11
2020-04-02,ID,776,9
2020-04-02,IL,7695,163
2020-04-02,IN,3038,78
2020-04-02,KS,553,12
2020-04-02,KY,770,31
2020-04-02,LA,9159,310
2020-04-02,MA,8966,154
2020-04-02,MD,2331,36
2020-04-02,ME,376,7
2020-04-02,MI,10791,417
2020-04-02,MN,742,18
2020-04-02,MO,1857,22
2020-04-02,MP,6,1
2020-04-02,MS,1177,26
2020-04-02,MT,241,6
2020-04-02,NC,1977,21
2020-04-02,ND,159,3
2020-04-02,NE,246,5
2020-04-02,NH,316,3
2020-04-02,NJ,25590,537
2020-04-02,NM,388,6
2020-04-02,NV,1463,38
2020-04-02,NY,92506,2373
2020-04-02,OH,2901,81
2020-04-02,OK,881,34
2020-04-02,OR,826,21
2020-04-02,PA,7268,90
2020-04-02,PR,316,12
2020-04-02,RI,657,12
2020-04-02,SC,1554,31
2020-04-02,SD,165,2
2020-04-02,TN,2845,36
2020-04-02,TX,5069,77
2020-04-02,UT,1092,7
2020-04-02,VA,1706,41
2020-04-02,VT,338,17
2020-04-02,WA,6389,271
2020-04-02,WI,1748,38
2020-04-02,WV,216,2
2020-04-02,WY,150,0
2020-04-03,AK,147,3
2020-04-03,AL,1454,38
2020-04-03,AR,687,12
2020-04-03,AZ,1937,41
2020-04-03,CA,11889,264
2020-04-03,CO,3742,97
2020-04-03,CT,4914,131
2020-04-03,DC,757,15
2020-04-03,DE,450,14
2020-04-03,FL,9585,163
2020-04-03,GA,5831,184
2020-04-03,HI,285,2
2020-04-03,IA,699,11
2020-04-03,ID,891,9
2020-04-03,IL,8904,210
2020-04-03,IN,3437,102
2020-04-03,KS,620,17
2020-04-03,KY,770,31
2020-04-03,LA,10297,370
2020-04-03,MA,10402,192
2020-04-03,MD,2758,43
2020-04-03,ME,432,9
2020-04-03,MI,12744,479
2020-04-03,MN,788,22
2020-04-03,MO,1864,25
2020-04-03,MP,2,0
2020-04-03,MS,1358,29
2020-04-03,MT,243,5
2020-04-03,NC,2207,25
2020-04-03,ND,173,3
2020-04-03,NE,279,6
2020-04-03,NH,479,5
2020-04-03,NJ,29895,646
2020-04-03,NM,442,7
2020-04-03,NV,1514,43
2020-04-03,NY,102985,2935
2020-04-03,OH,3312,91
2020-04-03,OK,990,38
2020-04-03,OR,826,21
2020-04-03,PA,8570,102
2020-04-03,RI,711,14
2020-04-03,SC,1554,31
2020-04-03,SD,187,2
2020-04-03,TN,3067,41
2020-04-03,TX,5636,97
2020-04-03,UT,1095,7
2020-04-03,VA,2012,46
2020-04-03,VT,389,17
2020-04-03,WA,6670,307
2020-04-03,WI,2006,50
2020-04-03,WV,237,2
2020-04-03,WY,162,0
2020-04-04,AK,171,5
2020-04-04,AL,1580,43
2020-04-04,AR,743,12
2020-04-04,AZ,2187,52
2020-04-04,CA,12764,288
2020-04-04,CO,4181,111
2020-04-04,CT,5276,165
2020-04-04,DC,902,21
2020-04-04,DE,593,14
2020-04-04,FL,11545,195
2020-04-04,GA,6160,201
2020-04-04,HI,319,3
2020-04-04,IA,787,14
2020-04-04,ID,1022,10
2020-04-04,IL,10357,244
2020-04-04,IN,3953,116
2020-04-04,KS,698,21
2020-04-04,KY,891,40
2020-04-04,LA,12496,409
2020-04-04,MA,11736,206
2020-04-04,MD,3125,54
2020-04-04,ME,456,10
2020-04-04,MI,14225,540
2020-04-04,MN,865,24
2020-04-04,MO,2310,33
2020-04-04,MP,2,0
2020-04-04,MS,1455,35
2020-04-04,MT,265,6
2020-04-04,NC,2479,32
2020-04-04,ND,186,3
2020-04-04,NE,321,6
2020-04-04,NH,540,7
2020-04-04,NJ,34124,846
2020-04-04,NM,534,10
2020-04-04,NV,1742,46
2020-04-04,NY,113833,3565
2020-04-04,OH,3739,102
2020-04-04,OK,1161,42
2020-04-04,OR,899,22
2020-04-04,PA,10444,136
2020-04-04,RI,806,17
2020-04-04,SC,1917,40
2020-04-04,SD,212,2
2020-04-04,TN,3322,50
2020-04-04,TX,6555,116
2020-04-04,UT,1435,9
2020-04-04,VA,2407,52
2020-04-04,VT,461,20
2020-04-04,WA,7110,299
2020-04-04,WI,2030,54
2020-04-04,WV,282,2
2020-04-04,WY,187,0
2020-04-05,AK,185,6
2020-04-05,AL,1765,45
2020-04-05,AR,819,14
2020-04-05,AZ,2486,64
2020-04-05,CA,14716,339
2020-04-05,CO,4569,126
2020-04-05,CT,5675,189
2020-04-05,DC,1002,22
2020-04-05,DE,593,14
2020-04-05,FL,12151,218
2020-04-05,GA,6647,211
2020-04-05,HI,351,4
2020-04-05,IA,869,18
2020-04-05,ID,1078,10
2020-04-05,IL,11259,274
2020-04-05,IN,4411,127
2020-04-05,KS,751,22
2020-04-05,KY,917,40
2020-04-05,LA,13010,477
2020-04-05,MA,12500,227
2020-04-05,MD,3617,67
2020-04-05,ME,470,10
2020-04-05,MI,15718,617
2020-04-05,MN,935,29
2020-04-05,MO,2347,44
2020-04-05,MP,2,0
2020-04-05,MS,1638,43
2020-04-05,MT,286,6
2020-04-05,NC,2646,37
2020-04-05,ND,207,3
2020-04-05,NE,364,8
2020-04-05,NH,621,9
2020-04-05,NJ,37505,917
2020-04-05,NM,589,11
2020-04-05,NV,1836,46
2020-04-05,NY,122916,4159
2020-04-05,OH,4043,119
2020-04-05,OK,1254,46
2020-04-05,OR,1068,27
2020-04-05,PA,11589,151
2020-04-05,RI,922,25
2020-04-05,SC,2049,44
2020-04-05,SD,240,2
2020-04-05,TN,3633,53
2020-04-05,TX,7120,133
2020-04-05,UT,1608,8
2020-04-05,VA,2640,52
2020-04-05,VT,512,22
2020-04-05,WA,7809,327
2020-04-05,WI,2278,68
2020-04-05,WV,324,3
2020-04-05,WY,197,0
2020-04-06,AK,137,6
2020-04-06,AL,1952,49
2020-04-06,AR,875,16
2020-04-06,AZ,2732,65
2020-04-06,CA,15450,359
2020-04-06,CO,4950,141
2020-04-06,CT,6906,206
2020-04-06,DC,1097,24
2020-04-06,DE,673,14
2020-04-06,FL,13324,236
2020-04-06,GA,7314,229
2020-04-06,HI,371,4
2020-04-06,IA,946,25
2020-04-06,ID,1101,10
2020-04-06,IL,12262,307
2020-04-06,IN,4956,143
2020-04-06,KS,849,25
2020-04-06,KY,955,45
2020-04-06,LA,14867,512
2020-04-06,MA,13837,260
2020-04-06,MD,4045,91
2020-04-06,ME,499,10
2020-04-06,MI,17221,727
2020-04-06,MN,986,31
2020-04-06,MO,2735,39
2020-04-06,MP,2,0
2020-04-06,MS,1738,51
2020-04-06,MT,299,6
2020-04-06,NC,2929,44
2020-04-06,ND,225,3
2020-04-06,NE,409,8
2020-04-06,NH,669,9
2020-04-06,NJ,41090,1003
2020-04-06,NM,695,12
2020-04-06,NV,1953,46
2020-04-06,NY,131569,4758
2020-04-06,OH,4453,142
2020-04-06,OK,1329,51
2020-04-06,OR,1068,27
2020-04-06,PA,13127,179
2020-04-06,RI,1082,27
2020-04-06,SC,2049,44
2020-04-06,SD,288,4
2020-04-06,TN,3802,65
2020-04-06,TX,7837,148
2020-04-06,UT,1685,13
2020-04-06,VA,2878,66
2020-04-06,VT,543,23
2020-04-06,WA,8133,366
2020-04-06,WI,2449,78
2020-04-06,WV,345,4
2020-04-06,WY,210,0
2020-04-07,AK,213,6
2020-04-07,AL,2169,64
2020-04-07,AR,946,18
2020-04-07,AZ,2870,73
2020-04-07,CA,17351,432
2020-04-07,CO,5429,179
2020-04-07,CT,7781,277
2020-04-07,DC,1211,22
2020-04-07,DE,928,16
2020-04-07,FL,14545,283
2020-04-07,GA,8822,329
2020-04-07,GU,121,4
2020-04-07,HI,410,5
2020-04-07,IA,1046,25
2020-04-07,ID,1170,13
2020-04-07,IL,12271,308
2020-04-07,IN,5510,173
2020-04-07,KS,912,29
2020-04-07,KY,1149,65
2020-04-07,LA,16284,582
2020-04-07,MA,15202,356
2020-04-07,MD,4371,103
2020-04-07,ME,519,12
2020-04-07,MI,18970,845
2020-04-07,MN,1069,34
2020-04-07,MO,3130,65
2020-04-07,MP,8,2
2020-04-07,MS,1915,60
2020-04-07,MT,319,6
2020-04-07,NC,3299,53
2020-04-07,ND,237,4
2020-04-07,NE,447,10
2020-04-07,NH,715,9
2020-04-07,NJ,44416,1232
2020-04-07,NM,876,13
2020-04-07,NV,2124,72
2020-04-07,NY,139875,5489
2020-04-07,OH,4782,167
2020-04-07,OK,1474,67
2020-04-07,OR,1132,29
2020-04-07,PA,14853,247
2020-04-07,PR,573,23
2020-04-07,RI,1229,30
2020-04-07,SC,2417,51
2020-04-07,SD,320,6
2020-04-07,TN,4139,72
2020-04-07,TX,8925,160
2020-04-07,UT,1746,13
2020-04-07,VA,3335,66
2020-04-07,VT,575,23
2020-04-07,WA,8692,400
2020-04-07,WI,2578,92
2020-04-07,WV,412,4
2020-04-07,WY,216,0
2020-04-08,AK,226,7
2020-04-08,AL,2328,66
2020-04-08,AR,1000,18
2020-04-08,AZ,3036,80
2020-04-08,CA,18897,495
2020-04-08,CO,5655,193
2020-04-08,CT,7781,326
2020-04-08,DC,1440,27
2020-04-08,DE,1116,19
2020-04-08,FL,15456,309
2020-04-08,GA,9901,362
2020-04-08,GU,121,4
2020-04-08,HI,410,5
2020-04-08,IA,1145,27
2020-04-08,ID,1210,15
2020-04-08,IL,15078,462
2020-04-08,IN,5943,203
2020-04-08,KS,1046,34
2020-04-08,KY,1149,65
2020-04-08,LA,17030,652
2020-04-08,MA,16790,433
2020-04-08,MD,5529,124
2020-04-08,ME,537,14
2020-04-08,MI,20346,959
2020-04-08,MN,1154,39
2020-04-08,MO,3209,86
2020-04-08,MP,11,2
2020-04-08,MS,2003,67
2020-04-08,MT,332,6
2020-04-08,NC,3499,66
2020-04-08,ND,251,4
2020-04-08,NE,519,12
2020-04-08,NH,747,13
2020-04-08,NJ,47437,1504
2020-04-08,NM,902,13
2020-04-08,NV,2259,72
2020-04-08,NY,151061,6268
2020-04-08,OH,5148,193
2020-04-08,OK,1526,79
2020-04-08,OR,1181,33
2020-04-08,PA,16631,318
2020-04-08,PR,620,24
2020-04-08,RI,1450,35
2020-04-08,SC,2417,51
2020-04-08,SD,393,6
2020-04-08,TN,4363,80
2020-04-08,TX,9777,189
2020-04-08,UT,1855,13
2020-04-08,VA,3645,66
2020-04-08,VT,605,23
2020-04-08,WA,9276,426
2020-04-08,WI,2710,100
2020-04-08,WV,483,4
2020-04-08,WY,221,0
2020-04-09,AK,235,7
2020-04-09,AL,2703,70
2020-04-09,AR,1119,21
2020-04-09,AZ,3018,89
2020-04-09,CA,19710,544
2020-04-09,CO,5655,193
2020-04-09,CT,9784,380
2020-04-09,DC,1523,32
2020-04-09,DE,1209,23
2020-04-09,FL,16364,354
2020-04-09,GA,10566,379
2020-04-09,GU,128,4
2020-04-09,HI,442,6
2020-04-09,IA,1270,29
2020-04-09,ID,1232,18
2020-04-09,IL,15079,462
2020-04-09,IN,6351,245
2020-04-09,KS,1116,42
2020-04-09,KY,1341,73
2020-04-09,LA,18283,702
2020-04-09,MA,18941,503
2020-04-09,MD,6185,138
2020-04-09,ME,560,16
2020-04-09,MI,21504,1076
2020-04-09,MN,1240,50
2020-04-09,MO,3432,93
2020-04-09,MP,11,2
2020-04-09,MS,2260,76
2020-04-09,MT,354,6
2020-04-09,NC,3736,76
2020-04-09,ND,269,5
2020-04-09,NE,568,14
2020-04-09,NH,819,21
2020-04-09,NJ,51027,1709
2020-04-09,NM,865,16
2020-04-09,NV,2456,81
2020-04-09,NY,161779,7067
2020-04-09,OH,5512,213
2020-04-09,OK,1686,80
2020-04-09,OR,1321,44
2020-04-09,PA,18300,345
2020-04-09,PR,683,33
2020-04-09,RI,1727,43
2020-04-09,SC,2793,67
2020-04-09,SD,447,6
2020-04-09,TN,4634,94
2020-04-09,TX,11208,210
2020-04-09,UT,1856,13
2020-04-09,VA,4042,109
2020-04-09,VT,628,23
2020-04-09,WA,9639,456
2020-04-09,WI,2886,111
2020-04-09,WV,514,5
2020-04-09,WY,230,0
2020-04-10,AK,246,7
2020-04-10,AL,2947,80
2020-04-10,AR,1171,21
2020-04-10,AZ,3112,97
2020-04-10,CA,21081,583
2020-04-10,CO,6202,226
2020-04-10,CT,10538,448
2020-04-10,DC,1660,38
2020-04-10,DE,1326,32
2020-04-10,FL,17531,390
2020-04-10,GA,11485,416
2020-04-10,GU,130,4
2020-04-10,HI,442,6
2020-04-10,IA,1388,31
2020-04-10,ID,1354,24
2020-04-10,IL,17887,597
2020-04-10,IN,6907,300
2020-04-10,KS,1117,42
2020-04-10,KY,1693,90
2020-04-10,LA,19253,755
2020-04-10,MA,20974,599
2020-04-10,MD,6968,171
2020-04-10,ME,586,17
2020-04-10,MI,22434,1276
2020-04-10,MN,1336,57
2020-04-10,MO,3897,99
2020-04-10,MP,11,2
2020-04-10,MS,2469,82
2020-04-10,MT,365,6
2020-04-10,NC,3965,83
2020-04-10,ND,278,6
2020-04-10,NE,635,15
2020-04-10,NH,819,21
2020-04-10,NJ,54588,1932
2020-04-10,NM,1081,17
2020-04-10,NV,2722,90
2020-04-10,NY,172348,7867
2020-04-10,OH,5878,231
2020-04-10,OK,1794,88
2020-04-10,OR,1322,44
2020-04-10,PA,20051,418
2020-04-10,PR,725,39
2020-04-10,RI,1727,43
2020-04-10,SC,3067,72
2020-04-10,SD,536,6
2020-04-10,TN,4891,98
2020-04-10,TX,12105,238
2020-04-10,UT,2103,17
2020-04-10,VA,4509,121
2020-04-10,VT,679,24
2020-04-10,WA,10119,483
2020-04-10,WI,3068,128
2020-04-10,WV,574,5
2020-04-10,WY,239,0
2020-04-11,AK,257,8
2020-04-11,AL,3217,92
2020-04-11,AR,1228,25
2020-04-11,AZ,3393,108
2020-04-11,CA,21706,605
2020-04-11,CO,6513,250
2020-04-11,CT,11510,494
2020-04-11,DC,1778,47
2020-04-11,DE,1479,33
2020-04-11,FL,18494,438
2020-04-11,GA,12159,429
2020-04-11,GU,133,5
2020-04-11,HI,465,8
2020-04-11,IA,1510,34
2020-04-11,ID,1396,25
2020-04-11,IL,19180,677
2020-04-11,IN,7435,330
2020-04-11,KS,1275,55
2020-04-11,KY,1693,90
2020-04-11,LA,20014,806
2020-04-11,MA,22860,686
2020-04-11,MD,7694,206
2020-04-11,ME,616,19
2020-04-11,MI,23605,1384
2020-04-11,MN,1427,64
2020-04-11,MO,4108,116
2020-04-11,MP,11,2
2020-04-11,MS,2642,93
2020-04-11,MT,377,6
2020-04-11,NC,4354,89
2020-04-11,ND,293,7
2020-04-11,NE,699,17
2020-04-11,NH,885,22
2020-04-11,NJ,58151,2183
2020-04-11,NM,1091,19
2020-04-11,NV,2702,102
2020-04-11,NY,181026,8627
2020-04-11,OH,6250,247
2020-04-11,OK,1868,94
2020-04-11,OR,1371,48
2020-04-11,PA,21719,503
2020-04-11,PR,788,42
2020-04-11,RI,2349,56
2020-04-11,SC,3211,80
2020-04-11,SD,626,6
2020-04-11,TN,5132,106
2020-04-11,TX,13023,266
2020-04-11,UT,2207,18
2020-04-11,VA,5077,130
2020-04-11,VT,711,25
2020-04-11,WA,10434,495
2020-04-11,WI,3213,137
2020-04-11,WV,577,5
2020-04-11,WY,261,0
2020-04-12,AK,272,8
2020-04-12,AL,3563,93
2020-04-12,AR,1280,27
2020-04-12,AZ,3542,115
2020-04-12,CA,22795,641
2020-04-12,CO,7307,289
2020-04-12,CT,12035,554
2020-04-12,DC,1875,50
2020-04-12,DE,1625,35
2020-04-12,FL,19895,461
2020-04-12,GA,12452,433
2020-04-12,GU,133,5
2020-04-12,HI,499,9
2020-04-12,IA,1587,41
2020-04-12,ID,1407,27
2020-04-12,IL,20852,720
2020-04-12,IN,7928,343
2020-04-12,KS,1344,56
2020-04-12,KY,1963,97
2020-04-12,LA,20595,840
2020-04-12,MA,25475,756
2020-04-12,MD,8225,236
2020-04-12,ME,633,19
2020-04-12,MI,24244,1479
2020-04-12,MN,1621,70
2020-04-12,MO,4269,118
2020-04-12,MP,11,2
2020-04-12,MS,2781,96
2020-04-12,MT,387,6
2020-04-12,NC,4570,89
2020-04-12,ND,308,7
2020-04-12,NE,791,17
2020-04-12,NH,929,23
2020-04-12,NJ,61850,2350
2020-04-12,NM,1245,26
2020-04-12,NV,2836,112
2020-04-12,NY,189033,9385
2020-04-12,OH,6604,253
2020-04-12,OK,1970,96
2020-04-12,OR,1527,52
2020-04-12,PA,22938,557
2020-04-12,PR,897,44
2020-04-12,RI,2665,63
2020-04-12,SC,3320,82
2020-04-12,SD,730,6
2020-04-12,TN,5508,106
2020-04-12,TX,13677,283
2020-04-12,UT,2303,18
2020-04-12,VA,5274,141
2020-04-12,VT,727,27
2020-04-12,WA,10609,506
2020-04-12,WI,3341,144
2020-04-12,WV,593,6
2020-04-12,WY,270,0
2020-04-13,AK,277,8
2020-04-13,AL,3734,99
2020-04-13,AR,1410,29
2020-04-13,AZ,3705,122
2020-04-13,CA,23931,715
2020-04-13,CO,7691,306
2020-04-13,CT,13381,602
2020-04-13,DC,1955,52
2020-04-13,DE,1758,41
2020-04-13,FL,21019,499
2020-04-13,GA,13315,465
2020-04-13,GU,133,5
2020-04-13,HI,504,9
2020-04-13,IA,1710,41
2020-04-13,ID,1426,27
2020-04-13,IL,22025,798
2020-04-13,IN,8359,350
2020-04-13,KS,1390,62
2020-04-13,KY,2018,113
2020-04-13,LA,21016,884
2020-04-13,MA,26867,844
2020-04-13,MD,8936,262
2020-04-13,ME,698,19
2020-04-13,MI,25635,1602
2020-04-13,MN,1621,70
2020-04-13,MO,4515,123
2020-04-13,MP,11,2
2020-04-13,MS,2942,98
2020-04-13,MT,394,7
2020-04-13,NC,4886,94
2020-04-13,ND,331,8
2020-04-13,NE,814,17
2020-04-13,NH,985,23
2020-04-13,NJ,64584,2443
2020-04-13,NM,1262,26
2020-04-13,NV,2990,114
2020-04-13,NY,195749,10058
2020-04-13,OH,6975,274
2020-04-13,OK,2069,99
2020-04-13,OR,1584,53
2020-04-13,PA,24292,589
2020-04-13,PR,903,45
2020-04-13,RI,2665,63
2020-04-13,SC,3391,82
2020-04-13,SD,868,6
2020-04-13,TN,5610,109
2020-04-13,TX,14275,305
2020-04-13,UT,2363,13
2020-04-13,VA,5747,149
2020-04-13,VT,748,28
2020-04-13,WA,10635,513
2020-04-13,WI,3428,154
2020-04-13,WV,611,8
2020-04-13,WY,275,1
2020-04-14,AK,285,9
2020-04-14,AL,3953,114
2020-04-14,AR,1498,32
2020-04-14,AZ,3809,131
2020-04-14,CA,25356,768
2020-04-14,CO,7946,327
2020-04-14,CT,13989,671
2020-04-14,DC,2058,67
2020-04-14,DE,1926,43
2020-04-14,FL,21628,571
2020-04-14,GA,14578,525
2020-04-14,GU,133,5
2020-04-14,HI,511,9
2020-04-14,IA,1899,49
2020-04-14,ID,1464,33
2020-04-14,IL,23248,868
2020-04-14,IN,8527,387
2020-04-14,KS,1441,69
2020-04-14,KY,2048,106
2020-04-14,LA,21518,1013
2020-04-14,MA,28164,844
2020-04-14,MD,6999,227
2020-04-14,ME,735,20
2020-04-14,MI,27001,1768
2020-04-14,MN,1695,79
2020-04-14,MO,4746,149
2020-04-14,MP,11,2
2020-04-14,MS,3087,111
2020-04-14,MT,399,7
2020-04-14,NC,5113,112
2020-04-14,ND,341,8
2020-04-14,NE,897,20
2020-04-14,NH,922,25
2020-04-14,NJ,68824,2805
2020-04-14,NM,1345,31
2020-04-14,NV,3134,126
2020-04-14,NY,203020,10842
2020-04-14,OH,7285,324
2020-04-14,OK,2184,108
2020-04-14,OR,1633,55
2020-04-14,PA,25465,691
2020-04-14,PR,923,45
2020-04-14,RI,3251,80
2020-04-14,SC,3553,97
2020-04-14,SD,988,6
2020-04-14,TN,5827,124
2020-04-14,TX,15006,342
2020-04-14,UT,2417,18
2020-04-14,VA,6182,154
2020-04-14,VT,752,29
2020-04-14,WA,10799,530
2020-04-14,WI,3555,170
2020-04-14,WV,640,9
2020-04-14,WY,282,1
2020-04-15,AK,293,9
2020-04-15,AL,4075,118
2020-04-15,AR,1569,33
2020-04-15,AZ,3964,142
2020-04-15,CA,26686,861
2020-04-15,CO,7956,328
2020-04-15,CT,14755,868
2020-04-15,DC,2197,72
2020-04-15,DE,2014,46
2020-04-15,FL,22511,596
2020-04-15,GA,14987,552
2020-04-15,GU,135,5
2020-04-15,HI,524,9
2020-04-15,IA,1995,53
2020-04-15,ID,1473,39
2020-04-15,IL,24593,949
2020-04-15,IN,8960,436
2020-04-15,KS,1504,71
2020-04-15,KY,2210,115
2020-04-15,LA,21951,1103
2020-04-15,MA,29918,1108
2020-04-15,MD,10032,311
2020-04-15,ME,770,24
2020-04-15,MI,28059,1921
2020-04-15,MN,1809,87
2020-04-15,MO,4791,153
2020-04-15,MP,13,2
2020-04-15,MS,3360,122
2020-04-15,MT,404,7
2020-04-15,NC,5340,130
2020-04-15,ND,365,9
2020-04-15,NE,901,20
2020-04-15,NH,1139,32
2020-04-15,NJ,71030,3156
2020-04-15,NM,1484,36
2020-04-15,NV,3211,131
2020-04-15,NY,214454,11617
2020-04-15,OH,7794,362
2020-04-15,OK,2263,123
2020-04-15,OR,1663,58
2020-04-15,PA,26753,779
2020-04-15,PR,974,51
2020-04-15,RI,3251,80
2020-04-15,SC,3656,106
2020-04-15,SD,1168,6
2020-04-15,TN,5827,124
2020-04-15,TX,15907,375
2020-04-15,UT,2548,20
2020-04-15,VA,6500,195
2020-04-15,VT,759,29
2020-04-15,WA,10942,552
2020-04-15,WI,3721,183
2020-04-15,WV,702,10
2020-04-15,WY,287,1
2020-04-16,AK,300,9
2020-04-16,AL,4345,133
2020-04-16,AR,1620,37
2020-04-16,AZ,4237,150
2020-04-16,CA,27677,957
2020-04-16,CO,8286,355
2020-04-16,CT,15884,971
2020-04-16,DC,2350,81
2020-04-16,DE,2070,55
2020-04-16,FL,23343,668
2020-04-16,GA,15669,587
2020-04-16,GU,135,5
2020-04-16,HI,530,9
2020-04-16,IA,2141,60
2020-04-16,ID,1587,41
2020-04-16,IL,25734,1072
2020-04-16,IN,9542,477
2020-04-16,KS,1615,80
2020-04-16,KY,2435,129
2020-04-16,LA,22532,1156
2020-04-16,MA,32181,1108
2020-04-16,MD,10784,319
2020-04-16,ME,796,27
2020-04-16,MI,28809,1996
2020-04-16,MN,1809,87
2020-04-16,MO,5174,169
2020-04-16,MP,13,2
2020-04-16,MS,3624,129
2020-04-16,MT,415,7
2020-04-16,NC,5639,150
2020-04-16,ND,393,9
2020-04-16,NE,952,21
2020-04-16,NH,1139,32
2020-04-16,NJ,75317,3518
2020-04-16,NM,1484,36
2020-04-16,NV,3214,137
2020-04-16,NY,223691,14832
2020-04-16,OH,8414,407
2020-04-16,OK,2357,131
2020-04-16,OR,1736,64
2020-04-16,PA,28258,841
2020-04-16,PR,1043,56
2020-04-16,RI,3529,87
2020-04-16,SC,3931,111
2020-04-16,SD,1311,7
2020-04-16,TN,6375,136
2020-04-16,TX,16876,414
2020-04-16,UT,2683,20
2020-04-16,VA,6889,208
2020-04-16,VT,774,33
2020-04-16,WA,11057,579
2020-04-16,WI,3875,197
2020-04-16,WV,728,12
2020-04-16,WY,296,2
2020-04-17,AK,309,9
2020-04-17,AL,4571,148
2020-04-17,AR,1695,37
2020-04-17,AZ,4511,169
2020-04-17,CA,29157,1037
2020-04-17,CO,8691,372
2020-04-17,CT,16809,1036
2020-04-17,DC,2476,86
2020-04-17,DE,2317,61
2020-04-17,FL,24759,725
2020-04-17,GA,17194,650
2020-04-17,GU,136,5
2020-04-17,HI,541,9
2020-04-17,IA,2332,64
2020-04-17,ID,1609,41
2020-04-17,IL,27578,1132
2020-04-17,IN,10154,522
2020-04-17,KS,1730,82
2020-04-17,KY,2522,137
2020-04-17,LA,23118,1213
2020-04-17,MA,34402,1245
2020-04-17,MD,11572,334
2020-04-17,ME,827,29
2020-04-17,MI,30023,2227
2020-04-17,MN,2070,111
2020-04-17,MO,5371,184
2020-04-17,MP,13,2
2020-04-17,MS,3793,140
2020-04-17,MT,422,8
2020-04-17,NC,6045,177
2020-04-17,ND,393,9
2020-04-17,NE,1066,24
2020-04-17,NH,1287,37
2020-04-17,NJ,78467,3840
2020-04-17,NM,1597,44
2020-04-17,NV,3524,142
2020-04-17,NY,230597,17131
2020-04-17,OH,9107,418
2020-04-17,OK,2465,136
2020-04-17,OR,1785,70
2020-04-17,PA,29888,921
2020-04-17,PR,1068,58
2020-04-17,RI,4177,118
2020-04-17,SC,4099,116
2020-04-17,SD,1411,7
2020-04-17,TN,6263,141
2020-04-17,TX,17849,451
2020-04-17,UT,2793,23
2020-04-17,VA,7491,231
2020-04-17,VT,779,35
2020-04-17,WA,11517,603
2020-04-17,WI,4053,206
2020-04-17,WV,775,16
2020-04-17,WY,305,2
2020-04-18,AK,314,9
2020-04-18,AL,4712,153
2020-04-18,AR,1744,38
2020-04-18,AZ,4724,180
2020-04-18,CA,30491,1140
2020-04-18,CO,9047,389
2020-04-18,CT,17550,1086
2020-04-18,DC,2666,91
2020-04-18,DE,2538,67
2020-04-18,FL,25492,748
2020-04-18,GA,17669,673
2020-04-18,GU,136,5
2020-04-18,HI,574,9
2020-04-18,IA,2513,74
2020-04-18,ID,1655,43
2020-04-18,IL,29160,1259
2020-04-18,IN,10641,545
2020-04-18,KS,1821,85
2020-04-18,KY,2707,144
2020-04-18,LA,23580,1267
2020-04-18,MA,36372,1404
2020-04-18,MD,12326,421
2020-04-18,ME,847,32
2020-04-18,MI,30791,2308
2020-04-18,MN,2209,121
2020-04-18,MO,5579,197
2020-04-18,MP,14,2
2020-04-18,MS,3974,152
2020-04-18,MT,426,10
2020-04-18,NC,6328,187
2020-04-18,ND,528,9
2020-04-18,NE,1249,24
2020-04-18,NH,1342,38
2020-04-18,NJ,81420,4070
2020-04-18,NM,1798,53
2020-04-18,NV,3626,151
2020-04-18,NY,241712,17671
2020-04-18,OH,10222,451
2020-04-18,OK,2465,136
2020-04-18,OR,1844,72
2020-04-18,PA,31652,1042
2020-04-18,PR,1118,60
2020-04-18,RI,4491,137
2020-04-18,SC,4248,119
2020-04-18,SD,1542,7
2020-04-18,TN,6589,142
2020-04-18,TX,18704,476
2020-04-18,UT,2917,25
2020-04-18,VA,8053,258
2020-04-18,VT,803,38
2020-04-18,WA,11776,613
2020-04-18,WI,4199,212
2020-04-18,WV,785,16
2020-04-18,WY,309,2
2020-04-19,AK,319,9
2020-04-19,AL,4888,157
2020-04-19,AR,1781,39
2020-04-19,AZ,4933,184
2020-04-19,CA,31431,1177
2020-04-19,CO,9730,420
2020-04-19,CT,17962,1127
2020-04-19,DC,2793,96
2020-04-19,DE,2538,67
2020-04-19,FL,26314,774
2020-04-19,GA,18301,687
2020-04-19,GU,136,5
2020-04-19,HI,580,10
2020-04-19,IA,2902,75
2020-04-19,ID,1668,44
2020-04-19,IL,30357,1290
2020-04-19,IN,11211,562
2020-04-19,KS,1905,93
2020-04-19,KY,2960,146
2020-04-19,LA,23928,1296
2020-04-19,MA,38077,1706
2020-04-19,MD,12847,461
2020-04-19,ME,867,34
2020-04-19,MI,31424,2391
2020-04-19,MN,2356,134
2020-04-19,MO,5743,199
2020-04-19,MP,14,2
2020-04-19,MS,4274,159
2020-04-19,MT,433,10
2020-04-19,NC,6601,200
2020-04-19,ND,585,9
2020-04-19,NE,1474,28
2020-04-19,NH,1390,38
2020-04-19,NJ,85301,4362
2020-04-19,NM,1845,55
2020-04-19,NV,3728,158
2020-04-19,NY,247815,18298
2020-04-19,OH,11602,471
2020-04-19,OK,2567,140
2020-04-19,OR,1910,74
2020-04-19,PA,32902,1276
2020-04-19,PR,1213,62
2020-04-19,RI,4706,150
2020-04-19,SC,4377,120
2020-04-19,SD,1635,7
2020-04-19,TN,7070,148
2020-04-19,TX,19260,490
2020-04-19,UT,3069,27
2020-04-19,VA,8542,277
2020-04-19,VT,813,38
2020-04-19,WA,12255,636
2020-04-19,WI,4346,220
2020-04-19,WV,890,18
2020-04-19,WY,313,2
2020-04-20,AK,321,9
2020-04-20,AL,5079,163
2020-04-20,AR,1973,41
2020-04-20,AZ,5068,191
2020-04-20,CA,33686,1225
2020-04-20,CO,9730,420
2020-04-20,CT,19815,1331
2020-04-20,DC,2927,105
2020-04-20,DE,2745,72
2020-04-20,FL,27059,822
2020-04-20,GA,19407,775
2020-04-20,GU,136,5
2020-04-20,HI,584,10
2020-04-20,IA,3159,79
2020-04-20,ID,1672,45
2020-04-20,IL,31513,1349
2020-04-20,IN,11688,577
2020-04-20,KS,2048,102
2020-04-20,KY,3050,154
2020-04-20,LA,24523,1328
2020-04-20,MA,38077,1706
2020-04-20,MD,13684,582
2020-04-20,ME,875,35
2020-04-20,MI,32000,2468
2020-04-20,MN,2470,143
2020-04-20,MO,5890,200
2020-04-20,MP,14,2
2020-04-20,MS,4512,169
2020-04-20,MT,433,10
2020-04-20,NC,6895,218
2020-04-20,ND,627,9
2020-04-20,NE,1648,33
2020-04-20,NH,1447,42
2020-04-20,NJ,88722,4496
2020-04-20,NM,1971,58
2020-04-20,NV,3830,159
2020-04-20,NY,253060,18611
2020-04-20,OH,12919,509
2020-04-20,OK,2680,143
2020-04-20,OR,1957,75
2020-04-20,PA,33914,1348
2020-04-20,PR,1252,63
2020-04-20,RI,5090,155
2020-04-20,SC,4446,123
2020-04-20,SD,1685,7
2020-04-20,TN,7238,152
2020-04-20,TX,19751,507
2020-04-20,UT,3213,28
2020-04-20,VA,8990,300
2020-04-20,VT,816,38
2020-04-20,WA,12114,643
2020-04-20,WI,4499,230
2020-04-20,WV,902,24
2020-04-20,WY,317,2
2020-04-21,AK,329,9
2020-04-21,AL,5317,183
2020-04-21,AR,1990,42
2020-04-21,AZ,5256,208
2020-04-21,CA,35465,1282
2020-04-21,CO,10473,483
2020-04-21,CT,20360,1423
2020-04-21,DC,3098,112
2020-04-21,DE,2931,82
2020-04-21,FL,27869,867
2020-04-21,GA,19881,798
2020-04-21,GU,136,5
2020-04-21,HI,586,10
2020-04-21,IA,3641,83
2020-04-21,ID,1736,48
2020-04-21,IL,33059,1468
2020-04-21,IN,12097,635
2020-04-21,KS,2164,109
2020-04-21,KY,3204,171
2020-04-21,LA,24854,1405
2020-04-21,MA,41199,1961
2020-04-21,MD,14193,652
2020-04-21,ME,888,36
2020-04-21,MI,32667,2575
2020-04-21,MN,2567,160
2020-04-21,MO,6066,224
2020-04-21,MP,14,2
2020-04-21,MS,4716,183
2020-04-21,MT,437,12
2020-04-21,NC,7134,245
2020-04-21,ND,644,13
2020-04-21,NE,1685,33
2020-04-21,NH,1490,42
2020-04-21,NJ,92387,4753
2020-04-21,NM,1971,58
2020-04-21,NV,3937,163
2020-04-21,NY,258361,19104
2020-04-21,OH,13725,557
2020-04-21,OK,2807,164
2020-04-21,OR,2004,78
2020-04-21,PA,35249,1614
2020-04-21,PR,1298,64
2020-04-21,RI,5500,171
2020-04-21,SC,4439,124
2020-04-21,SD,1755,8
2020-04-21,TN,7394,157
2020-04-21,TX,20574,533
2020-04-21,UT,3297,32
2020-04-21,VA,9630,324
2020-04-21,VT,818,40
2020-04-21,WA,12563,664
2020-04-21,WI,4625,244
2020-04-21,WV,908,26
2020-04-21,WY,443,2
2020-04-22,AK,335,9
2020-04-22,AL,5593,196
2020-04-22,AR,2276,42
2020-04-22,AZ,5473,231
2020-04-22,CA,37344,1421
2020-04-22,CO,10891,506
2020-04-22,CT,22469,1544
2020-04-22,DC,3206,127
2020-04-22,DE,3200,89
2020-04-22,FL,28309,893
2020-04-22,GA,21214,848
2020-04-22,GU,136,5
2020-04-22,HI,592,12
2020-04-22,IA,3748,90
2020-04-22,ID,1766,51
2020-04-22,IL,35107,1565
2020-04-22,IN,12438,666
2020-04-22,KS,2331,112
2020-04-22,KY,3378,185
2020-04-22,LA,25258,1473
2020-04-22,MA,42944,2182
2020-04-22,MD,14775,698
2020-04-22,ME,907,39
2020-04-22,MI,33966,2813
2020-04-22,MN,2722,179
2020-04-22,MO,6277,238
2020-04-22,MP,14,2
2020-04-22,MS,4894,193
2020-04-22,MT,439,14
2020-04-22,NC,7495,265
2020-04-22,ND,679,14
2020-04-22,NE,1813,38
2020-04-22,NH,1588,48
2020-04-22,NJ,95914,5150
2020-04-22,NM,2210,71
2020-04-22,NV,4081,172
2020-04-22,NY,263292,19413
2020-04-22,OH,14117,610
2020-04-22,OK,2894,170
2020-04-22,OR,2059,78
2020-04-22,PA,36082,1673
2020-04-22,PR,1252,63
2020-04-22,RI,5841,181
2020-04-22,SC,4761,140
2020-04-22,SD,1858,9
2020-04-22,TN,7394,157
2020-04-22,TX,21321,556
2020-04-22,UT,3445,32
2020-04-22,VA,10266,349
2020-04-22,VT,823,40
2020-04-22,WA,12051,647
2020-04-22,WI,4845,248
2020-04-22,WV,939,27
2020-04-22,WY,447,6
2020-04-23,AL,5832,202
2020-04-23,AK,337,9
2020-04-23,AS,0,0
2020-04-23,AZ,5772,249
2020-04-23,AR,2599,45
2020-04-23,CA,39561,1533
2020-04-23,CO,11278,552
2020-04-23,CT,23100,1639
2020-04-23,DE,3308,92
2020-04-23,DC,3361,139
2020-04-23,FL,29648,987
2020-04-23,GA,21883,881
2020-04-23,GU,139,5
2020-04-23,HI,596,12
2020-04-23,ID,1836,54
2020-04-23,IL,36937,1688
2020-04-23,IN,13039,706
2020-04-23,IA,3924,96
2020-04-23,KS,2721,113
2020-04-23,KY,3479,191
2020-04-23,LA,25739,1599
2020-04-23,ME,937,44
2020-04-23,MD,15737,748
2020-04-23,MA,46023,2360
2020-04-23,MI,35296,2977
2020-04-23,MN,2942,200
2020-04-23,MS,5153,201
2020-04-23,MO,6506,252
2020-04-23,MT,442,14
2020-04-23,NE,2202,47
2020-04-23,NV,4208,195
2020-04-23,NH,1670,51
2020-04-23,NJ,100025,5426
2020-04-23,NM,2379,78
2020-04-23,NY,263460,20973
2020-04-23,NC,7820,281
2020-04-23,ND,709,15
2020-04-23,MP,14,2
2020-04-23,OH,14694,656
2020-04-23,OK,3017,179
2020-04-23,OR,2127,83
2020-04-23,PA,38379,1724
2020-04-23,PR,1416,69
2020-04-23,RI,6256,189
2020-04-23,SC,4917,150
2020-04-23,SD,1956,9
2020-04-23,TN,8266,171
2020-04-23,TX,22650,604
2020-04-23,UT,3612,35
2020-04-23,VT,825,43
2020-04-23,VA,10998,373
2020-04-23,WA,12753,711
2020-04-23,WV,981,31
2020-04-23,WI,5052,258
2020-04-23,WY,453,7
2020-04-24,AL,6026,209
2020-04-24,AK,339,9
2020-04-24,AS,0,0
2020-04-24,AZ,6045,266
2020-04-24,AR,2810,47
2020-04-24,CA,41355,1621
2020-04-24,CO,12256,674
2020-04-24,CT,23936,1767
2020-04-24,DE,3442,100
2020-04-24,DC,3528,153
2020-04-24,FL,30533,1046
2020-04-24,GA,22491,899
2020-04-24,GU,141,5
2020-04-24,HI,601,13
2020-04-24,ID,1870,54
2020-04-24,IL,39658,1795
2020-04-24,IN,13681,741
2020-04-24,IA,4445,107
2020-04-24,KS,2959,118
2020-04-24,KY,3779,200
2020-04-24,LA,26140,1660
2020-04-24,ME,965,47
2020-04-24,MD,16616,798
2020-04-24,MA,50969,2556
2020-04-24,MI,36641,3085
2020-04-24,MN,3185,221
2020-04-24,MS,5434,209
2020-04-24,MO,6788,272
2020-04-24,MT,444,14
2020-04-24,NE,2424,50
2020-04-24,NV,4398,197
2020-04-24,NH,1720,53
2020-04-24,NJ,102196,5683
2020-04-24,NM,2521,84
2020-04-24,NY,271590,21411
2020-04-24,NC,8290,294
2020-04-24,ND,748,15
2020-04-24,MP,14,2
2020-04-24,OH,15169,690
2020-04-24,OK,3121,188
2020-04-24,OR,2177,86
2020-04-24,PA,40208,1747
2020-04-24,PR,1276,77
2020-04-24,RI,6699,202
2020-04-24,SC,5070,157
2020-04-24,SD,2040,10
2020-04-24,TN,8728,169
2020-04-24,TX,23642,624
2020-04-24,UT,3782,39
2020-04-24,VT,827,44
2020-04-24,VA,11594,411
2020-04-24,WA,12977,722
2020-04-24,WV,1010,32
2020-04-24,WI,5356,263
2020-04-24,WY,473,7
2020-04-25,AL,6026,209
2020-04-25,AK,339,9
2020-04-25,AS,0,0
2020-04-25,AZ,6286,273
2020-04-25,AR,2911,48
2020-04-25,CA,42368,1689
2020-04-25,CO,12968,684
2020-04-25,CT,24583,1865
2020-04-25,DE,3576,112
2020-04-25,DC,3699,165
2020-04-25,FL,30839,1055
2020-04-25,GA,23222,907
2020-04-25,GU,141,5
2020-04-25,HI,605,13
2020-04-25,ID,1887,56
2020-04-25,IL,41777,1875
2020-04-25,IN,14399,786
2020-04-25,IA,5092,112
2020-04-25,KS,3135,120
2020-04-25,KY,3915,205
2020-04-25,LA,26512,1707
2020-04-25,ME,965,47
2020-04-25,MD,17766,875
2020-04-25,MA,53348,2730
2020-04-25,MI,37074,3155
2020-04-25,MN,3446,244
2020-04-25,MS,5718,221
2020-04-25,MO,6935,281
2020-04-25,MT,445,14
2020-04-25,NE,2719,50
2020-04-25,NV,4539,205
2020-04-25,NH,1797,53
2020-04-25,NJ,105498,5914
2020-04-25,NM,2660,93
2020-04-25,NY,282143,22009
2020-04-25,NC,8768,305
2020-04-25,ND,803,16
2020-04-25,MP,14,2
2020-04-25,OH,15587,711
2020-04-25,OK,3194,194
2020-04-25,OR,2253,87
2020-04-25,PA,41153,1793
2020-04-25,PR,1307,83
2020-04-25,RI,7129,215
2020-04-25,SC,5253,166
2020-04-25,SD,2147,10
2020-04-25,TN,9189,177
2020-04-25,TX,24153,638
2020-04-25,UT,3948,41
2020-04-25,VT,843,46
2020-04-25,VA,12366,437
2020-04-25,WA,13319,737
2020-04-25,WV,1010,32
2020-04-25,WI,5687,266
2020-04-25,WY,491,7
2020-03-21,AK,14,
2020-03-21,AL,124,0
2020-03-21,AR,118,
2020-03-21,AS,,0
2020-03-21,AZ,104,1
2020-03-21,CA,1279,24
2020-03-21,CO,363,4
2020-03-21,CT,194,4
2020-03-21,DC,77,1
2020-03-21,DE,45,0
2020-03-21,FL,658,12
2020-03-21,GA,507,14
2020-03-21,GU,15,
2020-03-21,HI,37,
2020-03-21,IA,68,
2020-03-21,ID,31,
2020-03-21,IL,759,6
2020-03-21,IN,126,4
2020-03-21,KS,55,2
2020-03-21,KY,54,2
2020-03-21,LA,585,16
2020-03-21,MA,525,5
2020-03-21,MD,190,2
2020-03-21,ME,73,
2020-03-21,MI,787,5
2020-03-21,MN,138,1
2020-03-21,MO,73,3
2020-03-21,MP,0,0
2020-03-21,MS,140,1
2020-03-21,MT,20,
2020-03-21,NC,184,0
2020-03-21,ND,28,0
2020-03-21,NE,38,0
2020-03-21,NH,55,
2020-03-21,NJ,1327,16
2020-03-21,NM,57,
2020-03-21,NV,124,2
2020-03-21,NY,10356,44
2020-03-21,OH,247,3
2020-03-21,OK,53,1
2020-03-21,OR,114,3
2020-03-21,PA,371,2
2020-03-21,PR,21,
2020-03-21,RI,66,
2020-03-21,SC,152,1
2020-03-21,SD,14,1
2020-03-21,TN,371,
2020-03-21,TX,304,5
2020-03-21,UT,136,0
2020-03-21,VA,152,2
2020-03-21,VI,6,0
2020-03-21,VT,29,2
2020-03-21,WA,1524,83
2020-03-21,WI,281,4
2020-03-21,WV,11,0
2020-03-21,WY,23,
2020-03-20,AK,12,
2020-03-20,AL,81,0
2020-03-20,AR,96,
2020-03-20,AS,0,0
2020-03-20,AZ,65,0
2020-03-20,CA,1063,20
2020-03-20,CO,277,3
2020-03-20,CT,194,3
2020-03-20,DC,71,1
2020-03-20,DE,38,0
2020-03-20,FL,520,10
2020-03-20,GA,420,13
2020-03-20,GU,14,
2020-03-20,HI,26,
2020-03-20,IA,45,
2020-03-20,ID,23,
2020-03-20,IL,590,5
2020-03-20,IN,79,2
2020-03-20,KS,44,1
2020-03-20,KY,47,1
2020-03-20,LA,479,12
2020-03-20,MA,413,1
2020-03-20,MD,149,1
2020-03-20,ME,57,
2020-03-20,MI,549,3
2020-03-20,MN,115,
2020-03-20,MO,47,1
2020-03-20,MP,0,0
2020-03-20,MS,80,1
2020-03-20,MT,16,
2020-03-20,NC,137,0
2020-03-20,ND,20,0
2020-03-20,NE,32,0
2020-03-20,NH,44,
2020-03-20,NJ,890,11
2020-03-20,NM,43,
2020-03-20,NV,109,1
2020-03-20,NY,7102,35
2020-03-20,OH,169,1
2020-03-20,OK,49,1
2020-03-20,OR,114,3
2020-03-20,PA,268,1
2020-03-20,PR,14,
2020-03-20,RI,54,
2020-03-20,SC,81,1
2020-03-20,SD,14,1
2020-03-20,TN,228,
2020-03-20,TX,194,5
2020-03-20,UT,112,0
2020-03-20,VA,114,2
2020-03-20,VI,3,0
2020-03-20,VT,29,2
2020-03-20,WA,1376,74
2020-03-20,WI,206,3
2020-03-20,WV,7,0
2020-03-20,WY,19,
2020-03-19,AK,6,
2020-03-19,AL,68,0
2020-03-19,AR,46,
2020-03-19,AS,0,0
2020-03-19,AZ,44,0
2020-03-19,CA,924,18
2020-03-19,CO,216,2
2020-03-19,CT,96,1
2020-03-19,DC,39,0
2020-03-19,DE,30,0
2020-03-19,FL,390,8
2020-03-19,GA,287,10
2020-03-19,GU,12,
2020-03-19,HI,16,
2020-03-19,IA,38,
2020-03-19,ID,11,
2020-03-19,IL,426,4
2020-03-19,IN,56,2
2020-03-19,KS,34,1
2020-03-19,KY,35,1
2020-03-19,LA,347,8
2020-03-19,MA,328,
2020-03-19,MD,107,1
2020-03-19,ME,53,
2020-03-19,MI,336,3
2020-03-19,MN,89,
2020-03-19,MO,24,1
2020-03-19,MP,0,0
2020-03-19,MS,50,
2020-03-19,MT,12,
2020-03-19,NC,97,0
2020-03-19,ND,15,0
2020-03-19,NE,27,0
2020-03-19,NH,39,
2020-03-19,NJ,742,9
2020-03-19,NM,35,
2020-03-19,NV,95,1
2020-03-19,NY,4152,12
2020-03-19,OH,119,
2020-03-19,OK,44,1
2020-03-19,OR,88,3
2020-03-19,PA,185,1
2020-03-19,PR,5,
2020-03-19,RI,33,
2020-03-19,SC,60,1
2020-03-19,SD,11,1
2020-03-19,TN,154,
2020-03-19,TX,143,3
2020-03-19,UT,78,0
2020-03-19,VA,94,2
2020-03-19,VI,3,0
2020-03-19,VT,22,
2020-03-19,WA,1187,66
2020-03-19,WI,155,
2020-03-19,WV,2,0
2020-03-19,WY,18,
2020-03-18,AK,6,
2020-03-18,AL,46,0
2020-03-18,AR,33,
2020-03-18,AS,0,0
2020-03-18,AZ,28,0
2020-03-18,CA,611,13
2020-03-18,CO,183,2
2020-03-18,CT,68,
2020-03-18,DC,31,
2020-03-18,DE,25,
2020-03-18,FL,314,7
2020-03-18,GA,197,1
2020-03-18,GU,8,
2020-03-18,HI,14,
2020-03-18,IA,29,
2020-03-18,ID,9,
2020-03-18,IL,289,1
2020-03-18,IN,39,2
2020-03-18,KS,16,1
2020-03-18,KY,26,1
2020-03-18,LA,240,6
2020-03-18,MA,256,
2020-03-18,MD,85,
2020-03-18,ME,43,
2020-03-18,MI,80,
2020-03-18,MN,77,
2020-03-18,MO,13,0
2020-03-18,MP,0,0
2020-03-18,MS,34,
2020-03-18,MT,10,
2020-03-18,NC,63,0
2020-03-18,ND,6,0
2020-03-18,NE,24,
2020-03-18,NH,26,
2020-03-18,NJ,427,5
2020-03-18,NM,28,
2020-03-18,NV,55,1
2020-03-18,NY,2382,12
2020-03-18,OH,88,
2020-03-18,OK,29,
2020-03-18,OR,75,3
2020-03-18,PA,133,
2020-03-18,PR,5,
2020-03-18,RI,33,
2020-03-18,SC,60,1
2020-03-18,SD,11,1
2020-03-18,TN,98,
2020-03-18,TX,83,2
2020-03-18,UT,63,0
2020-03-18,VA,77,1
2020-03-18,VI,2,0
2020-03-18,VT,19,
2020-03-18,WA,1012,52
2020-03-18,WI,106,
2020-03-18,WV,1,0
2020-03-18,WY,15,
2020-03-17,AK,3,
2020-03-17,AL,36,0
2020-03-17,AR,22,
2020-03-17,AS,0,
2020-03-17,AZ,20,0
2020-03-17,CA,483,11
2020-03-17,CO,160,1
2020-03-17,CT,41,
2020-03-17,DC,22,
2020-03-17,DE,16,
2020-03-17,FL,186,6
2020-03-17,GA,146,1
2020-03-17,GU,5,
2020-03-17,HI,10,
2020-03-17,IA,23,
2020-03-17,ID,7,
2020-03-17,IL,160,1
2020-03-17,IN,30,2
2020-03-17,KS,15,1
2020-03-17,KY,22,1
2020-03-17,LA,171,4
2020-03-17,MA,218,
2020-03-17,MD,57,
2020-03-17,ME,32,
2020-03-17,MI,65,
2020-03-17,MN,60,
2020-03-17,MO,8,0
2020-03-17,MP,0,
2020-03-17,MS,21,
2020-03-17,MT,8,
2020-03-17,NC,40,0
2020-03-17,ND,3,0
2020-03-17,NE,21,
2020-03-17,NH,17,
2020-03-17,NJ,267,3
2020-03-17,NM,23,
2020-03-17,NV,55,1
2020-03-17,NY,1700,7
2020-03-17,OH,67,
2020-03-17,OK,17,
2020-03-17,OR,47,
2020-03-17,PA,96,
2020-03-17,PR,5,
2020-03-17,RI,21,
2020-03-17,SC,33,1
2020-03-17,SD,11,
2020-03-17,TN,73,
2020-03-17,TX,64,1
2020-03-17,UT,51,0
2020-03-17,VA,67,1
2020-03-17,VI,2,
2020-03-17,VT,10,
2020-03-17,WA,904,48
2020-03-17,WI,72,
2020-03-17,WV,0,0
2020-03-17,WY,10,
2020-03-16,AK,1,
2020-03-16,AL,28,0
2020-03-16,AR,22,
2020-03-16,AS,0,
2020-03-16,AZ,18,0
2020-03-16,CA,335,6
2020-03-16,CO,131,1
2020-03-16,CT,26,
2020-03-16,DC,17,
2020-03-16,DE,8,
2020-03-16,FL,141,4
2020-03-16,GA,121,1
2020-03-16,GU,3,
2020-03-16,HI,7,
2020-03-16,IA,22,
2020-03-16,ID,5,
2020-03-16,IL,93,
2020-03-16,IN,24,1
2020-03-16,KS,11,1
2020-03-16,KY,21,1
2020-03-16,LA,114,2
2020-03-16,MA,164,
2020-03-16,MD,37,
2020-03-16,ME,17,
2020-03-16,MI,53,
2020-03-16,MN,54,
2020-03-16,MO,6,0
2020-03-16,MP,0,
2020-03-16,MS,12,
2020-03-16,MT,7,
2020-03-16,NC,33,0
2020-03-16,ND,1,0
2020-03-16,NE,18,
2020-03-16,NH,13,
2020-03-16,NJ,178,2
2020-03-16,NM,17,
2020-03-16,NV,45,1
2020-03-16,NY,950,7
2020-03-16,OH,50,
2020-03-16,OK,10,
2020-03-16,OR,39,
2020-03-16,PA,76,
2020-03-16,PR,5,
2020-03-16,RI,21,
2020-03-16,SC,28,1
2020-03-16,SD,10,
2020-03-16,TN,52,
2020-03-16,TX,57,
2020-03-16,UT,39,0
2020-03-16,VA,51,1
2020-03-16,VI,1,
2020-03-16,VT,8,
2020-03-16,WA,769,42
2020-03-16,WI,47,
2020-03-16,WV,0,0
2020-03-16,WY,3,
2020-03-15,AK,1,
2020-03-15,AL,12,0
2020-03-15,AR,16,
2020-03-15,AZ,12,0
2020-03-15,CA,293,5
2020-03-15,CO,131,1
2020-03-15,CT,20,
2020-03-15,DC,16,
2020-03-15,DE,6,
2020-03-15,FL,116,4
2020-03-15,GA,99,1
2020-03-15,HI,2,
2020-03-15,IA,18,
2020-03-15,ID,5,
2020-03-15,IL,64,
2020-03-15,IN,19,0
2020-03-15,KS,8,1
2020-03-15,KY,16,
2020-03-15,LA,91,2
2020-03-15,MA,138,
2020-03-15,MD,31,
2020-03-15,ME,3,
2020-03-15,MI,33,
2020-03-15,MN,35,
2020-03-15,MO,5,0
2020-03-15,MS,10,
2020-03-15,MT,7,
2020-03-15,NC,32,
2020-03-15,ND,1,0
2020-03-15,NE,17,
2020-03-15,NH,13,
2020-03-15,NJ,98,2
2020-03-15,NM,13,
2020-03-15,NV,21,
2020-03-15,NY,729,3
2020-03-15,OH,36,
2020-03-15,OK,9,
2020-03-15,OR,36,
2020-03-15,PA,63,
2020-03-15,RI,20,
2020-03-15,SC,19,
2020-03-15,SD,9,
2020-03-15,TN,39,
2020-03-15,TX,56,
2020-03-15,UT,28,0
2020-03-15,VA,45,1
2020-03-15,VT,4,
2020-03-15,WA,642,40
2020-03-15,WI,33,
2020-03-15,WV,0,0
2020-03-15,WY,3,
2020-03-14,AK,1,
2020-03-14,AL,6,
2020-03-14,AR,12,
2020-03-14,AZ,12,0
2020-03-14,CA,252,5
2020-03-14,CO,101,1
2020-03-14,CT,11,
2020-03-14,DC,10,
2020-03-14,DE,6,
2020-03-14,FL,77,3
2020-03-14,GA,66,1
2020-03-14,HI,2,
2020-03-14,IA,17,
2020-03-14,ID,2,
2020-03-14,IL,46,
2020-03-14,IN,15,0
2020-03-14,KS,6,1
2020-03-14,KY,14,
2020-03-14,LA,69,
2020-03-14,MA,138,
2020-03-14,MD,26,
2020-03-14,ME,3,
2020-03-14,MI,25,
2020-03-14,MN,21,
2020-03-14,MO,4,0
2020-03-14,MS,6,
2020-03-14,MT,5,
2020-03-14,NC,23,
2020-03-14,ND,1,0
2020-03-14,NE,14,
2020-03-14,NH,7,
2020-03-14,NJ,50,1
2020-03-14,NM,10,
2020-03-14,NV,20,
2020-03-14,NY,524,
2020-03-14,OH,13,
2020-03-14,OK,4,
2020-03-14,OR,30,
2020-03-14,PA,47,
2020-03-14,RI,20,
2020-03-14,SC,13,
2020-03-14,SD,9,
2020-03-14,TN,32,
2020-03-14,TX,51,
2020-03-14,UT,6,
2020-03-14,VA,30,
2020-03-14,VT,4,
2020-03-14,WA,568,37
2020-03-14,WI,19,
2020-03-14,WV,0,
2020-03-14,WY,2,
2020-03-13,AK,1,
2020-03-13,AL,1,
2020-03-13,AR,9,
2020-03-13,AZ,9,0
2020-03-13,CA,202,4
2020-03-13,CO,72,
2020-03-13,CT,6,
2020-03-13,DC,10,
2020-03-13,DE,4,
2020-03-13,FL,50,2
2020-03-13,GA,42,1
2020-03-13,HI,2,
2020-03-13,IA,16,
2020-03-13,ID,0,
2020-03-13,IL,32,
2020-03-13,IN,12,
2020-03-13,KS,6,
2020-03-13,KY,11,
2020-03-13,LA,36,
2020-03-13,MA,123,
2020-03-13,MD,17,
2020-03-13,ME,3,
2020-03-13,MI,16,
2020-03-13,MN,14,
2020-03-13,MO,2,
2020-03-13,MS,4,
2020-03-13,MT,1,
2020-03-13,NC,15,
2020-03-13,ND,1,0
2020-03-13,NE,13,
2020-03-13,NH,6,
2020-03-13,NJ,50,1
2020-03-13,NM,10,
2020-03-13,NV,11,
2020-03-13,NY,421,
2020-03-13,OH,13,
2020-03-13,OK,3,
2020-03-13,OR,30,
2020-03-13,PA,33,
2020-03-13,RI,14,
2020-03-13,SC,12,
2020-03-13,SD,9,
2020-03-13,TN,26,
2020-03-13,TX,39,
2020-03-13,UT,6,
2020-03-13,VA,30,
2020-03-13,VT,2,
2020-03-13,WA,457,31
2020-03-13,WI,19,
2020-03-13,WV,0,
2020-03-13,WY,1,
2020-03-12,AK,0,
2020-03-12,AL,0,
2020-03-12,AR,6,
2020-03-12,AZ,9,
2020-03-12,CA,202,4
2020-03-12,CO,45,
2020-03-12,CT,6,
2020-03-12,DC,10,
2020-03-12,DE,4,
2020-03-12,FL,32,2
2020-03-12,GA,31,
2020-03-12,HI,2,
2020-03-12,IA,14,
2020-03-12,ID,0,
2020-03-12,IL,25,
2020-03-12,IN,12,
2020-03-12,KS,4,
2020-03-12,KY,8,
2020-03-12,LA,14,
2020-03-12,MA,95,
2020-03-12,MD,12,
2020-03-12,ME,1,
2020-03-12,MI,2,
2020-03-12,MN,9,
2020-03-12,MO,1,
2020-03-12,MS,1,
2020-03-12,MT,1,
2020-03-12,NC,12,
2020-03-12,ND,1,
2020-03-12,NE,10,
2020-03-12,NH,6,
2020-03-12,NJ,30,1
2020-03-12,NM,5,
2020-03-12,NV,7,
2020-03-12,NY,216,
2020-03-12,OH,5,
2020-03-12,OK,3,
2020-03-12,OR,19,
2020-03-12,PA,22,
2020-03-12,RI,5,
2020-03-12,SC,10,
2020-03-12,SD,8,
2020-03-12,TN,18,
2020-03-12,TX,23,
2020-03-12,UT,4,
2020-03-12,VA,17,
2020-03-12,VT,2,
2020-03-12,WA,337,29
2020-03-12,WI,8,
2020-03-12,WV,0,
2020-03-12,WY,1,
2020-03-11,AK,0,
2020-03-11,AL,0,
2020-03-11,AR,0,
2020-03-11,AZ,9,
2020-03-11,CA,157,
2020-03-11,CO,28,
2020-03-11,CT,3,
2020-03-11,DC,4,
2020-03-11,DE,1,
2020-03-11,FL,28,2
2020-03-11,GA,22,
2020-03-11,HI,2,
2020-03-11,IA,13,
2020-03-11,ID,0,
2020-03-11,IL,19,
2020-03-11,IN,10,
2020-03-11,KS,1,
2020-03-11,KY,8,
2020-03-11,LA,6,
2020-03-11,MA,92,
2020-03-11,MD,9,
2020-03-11,ME,0,
2020-03-11,MI,2,
2020-03-11,MN,5,
2020-03-11,MO,1,
2020-03-11,MS,0,
2020-03-11,MT,0,
2020-03-11,NC,7,
2020-03-11,ND,0,
2020-03-11,NE,5,
2020-03-11,NH,4,
2020-03-11,NJ,24,1
2020-03-11,NM,3,
2020-03-11,NV,5,
2020-03-11,NY,216,
2020-03-11,OH,4,
2020-03-11,OK,2,
2020-03-11,OR,19,
2020-03-11,PA,15,
2020-03-11,RI,5,
2020-03-11,SC,9,
2020-03-11,SD,5,
2020-03-11,TN,7,
2020-03-11,TX,21,
2020-03-11,UT,2,
2020-03-11,VA,9,
2020-03-11,VT,1,
2020-03-11,WA,267,24
2020-03-11,WI,3,
2020-03-11,WV,0,
2020-03-11,WY,0,
2020-03-10,AK,0,
2020-03-10,AL,0,
2020-03-10,AR,0,
2020-03-10,AZ,6,
2020-03-10,CA,133,
2020-03-10,CO,12,
2020-03-10,CT,2,
2020-03-10,DC,5,
2020-03-10,DE,0,
2020-03-10,FL,19,
2020-03-10,GA,17,
2020-03-10,HI,2,
2020-03-10,IA,8,
2020-03-10,ID,0,
2020-03-10,IL,19,
2020-03-10,IN,6,
2020-03-10,KS,1,
2020-03-10,KY,6,
2020-03-10,LA,1,
2020-03-10,MA,92,
2020-03-10,MD,6,
2020-03-10,ME,0,
2020-03-10,MI,0,
2020-03-10,MN,3,
2020-03-10,MO,1,
2020-03-10,MS,0,
2020-03-10,MT,0,
2020-03-10,NC,7,
2020-03-10,ND,0,
2020-03-10,NE,3,
2020-03-10,NH,4,
2020-03-10,NJ,15,
2020-03-10,NM,0,
2020-03-10,NV,0,
2020-03-10,NY,173,
2020-03-10,OH,3,
2020-03-10,OK,2,
2020-03-10,OR,15,
2020-03-10,PA,12,
2020-03-10,RI,3,
2020-03-10,SC,7,
2020-03-10,SD,0,
2020-03-10,TN,7,
2020-03-10,TX,13,
2020-03-10,UT,2,
2020-03-10,VA,8,
2020-03-10,VT,1,
2020-03-10,WA,162,
2020-03-10,WI,2,
2020-03-10,WV,0,
2020-03-10,WY,0,
2020-03-09,AK,0,
2020-03-09,AL,0,
2020-03-09,AR,0,
2020-03-09,AZ,5,
2020-03-09,CA,114,
2020-03-09,CO,9,
2020-03-09,CT,1,
2020-03-09,DC,1,
2020-03-09,DE,0,
2020-03-09,FL,18,
2020-03-09,GA,12,
2020-03-09,HI,2,
2020-03-09,IA,3,
2020-03-09,ID,0,
2020-03-09,IL,7,
2020-03-09,IN,2,
2020-03-09,KS,1,
2020-03-09,KY,4,
2020-03-09,LA,1,
2020-03-09,MA,41,
2020-03-09,MD,5,
2020-03-09,ME,0,
2020-03-09,MI,0,
2020-03-09,MN,2,
2020-03-09,MO,1,
2020-03-09,MS,0,
2020-03-09,MT,0,
2020-03-09,NC,2,
2020-03-09,ND,0,
2020-03-09,NE,3,
2020-03-09,NH,4,
2020-03-09,NJ,11,
2020-03-09,NM,0,
2020-03-09,NV,1,
2020-03-09,NY,142,
2020-03-09,OH,3,
2020-03-09,OK,1,
2020-03-09,OR,14,
2020-03-09,PA,7,
2020-03-09,RI,3,
2020-03-09,SC,7,
2020-03-09,SD,0,
2020-03-09,TN,3,
2020-03-09,TX,12,
2020-03-09,UT,1,
2020-03-09,VA,3,
2020-03-09,VT,1,
2020-03-09,WA,136,
2020-03-09,WI,1,
2020-03-09,WV,0,
2020-03-09,WY,0,
2020-03-08,AK,0,
2020-03-08,AL,0,
2020-03-08,AR,0,
2020-03-08,AZ,5,
2020-03-08,CA,88,
2020-03-08,CO,8,
2020-03-08,CT,1,
2020-03-08,DC,1,
2020-03-08,DE,0,
2020-03-08,FL,17,
2020-03-08,GA,7,
2020-03-08,HI,1,
2020-03-08,IA,0,
2020-03-08,ID,0,
2020-03-08,IL,6,
2020-03-08,IN,2,
2020-03-08,KS,1,
2020-03-08,KY,1,
2020-03-08,LA,0,
2020-03-08,MA,13,
2020-03-08,MD,3,
2020-03-08,ME,0,
2020-03-08,MI,0,
2020-03-08,MN,1,
2020-03-08,MO,1,
2020-03-08,MS,0,
2020-03-08,MT,0,
2020-03-08,NC,2,
2020-03-08,ND,0,
2020-03-08,NE,1,
2020-03-08,NH,4,
2020-03-08,NJ,6,
2020-03-08,NM,0,
2020-03-08,NV,1,
2020-03-08,NY,105,
2020-03-08,OH,0,
2020-03-08,OK,1,
2020-03-08,OR,14,
2020-03-08,PA,4,
2020-03-08,RI,3,
2020-03-08,SC,2,
2020-03-08,SD,0,
2020-03-08,TN,3,
2020-03-08,TX,8,
2020-03-08,UT,1,
2020-03-08,VA,2,
2020-03-08,VT,1,
2020-03-08,WA,102,
2020-03-08,WI,1,
2020-03-08,WV,0,
2020-03-08,WY,0,
2020-03-07,AK,0,
2020-03-07,AL,0,
2020-03-07,AR,0,
2020-03-07,AZ,5,
2020-03-07,CA,69,
2020-03-07,CO,8,
2020-03-07,CT,0,
2020-03-07,DC,0,
2020-03-07,DE,0,
2020-03-07,FL,14,
2020-03-07,GA,6,
2020-03-07,HI,1,
2020-03-07,IA,0,
2020-03-07,ID,0,
2020-03-07,IL,6,
2020-03-07,IN,1,
2020-03-07,KS,0,
2020-03-07,KY,1,
2020-03-07,LA,0,
2020-03-07,MA,13,
2020-03-07,MD,3,
2020-03-07,ME,0,
2020-03-07,MI,0,
2020-03-07,MN,1,
2020-03-07,MO,0,
2020-03-07,MS,0,
2020-03-07,MT,0,
2020-03-07,NC,2,
2020-03-07,ND,0,
2020-03-07,NE,1,
2020-03-07,NH,2,
2020-03-07,NJ,4,
2020-03-07,NM,0,
2020-03-07,NV,1,
2020-03-07,NY,76,
2020-03-07,OH,0,
2020-03-07,OK,1,
2020-03-07,OR,7,
2020-03-07,PA,2,
2020-03-07,RI,2,
2020-03-07,SC,2,
2020-03-07,SD,0,
2020-03-07,TN,1,
2020-03-07,TX,8,
2020-03-07,UT,1,
2020-03-07,VA,0,
2020-03-07,VT,0,
2020-03-07,WA,102,
2020-03-07,WI,1,
2020-03-07,WV,0,
2020-03-07,WY,0,
2020-03-06,AK,0,
2020-03-06,AR,0,
2020-03-06,AZ,3,
2020-03-06,CA,60,
2020-03-06,CO,2,
2020-03-06,DC,0,
2020-03-06,DE,0,
2020-03-06,FL,9,
2020-03-06,GA,2,
2020-03-06,IA,0,
2020-03-06,IL,5,
2020-03-06,IN,1,
2020-03-06,KS,0,
2020-03-06,KY,0,
2020-03-06,MA,8,
2020-03-06,MD,3,
2020-03-06,MI,0,
2020-03-06,MN,0,
2020-03-06,NC,2,
2020-03-06,NE,0,
2020-03-06,NH,2,
2020-03-06,NJ,1,
2020-03-06,NM,0,
2020-03-06,NV,1,
2020-03-06,NY,33,
2020-03-06,OH,0,
2020-03-06,OR,3,
2020-03-06,PA,2,
2020-03-06,SC,0,
2020-03-06,TN,1,
2020-03-06,TX,5,
2020-03-06,VA,0,
2020-03-06,VT,0,
2020-03-06,WA,79,
2020-03-06,WI,1,
2020-03-06,WV,0,
2020-03-05,AZ,2,
2020-03-05,CA,53,
2020-03-05,CO,0,
2020-03-05,DC,0,
2020-03-05,FL,9,
2020-03-05,GA,2,
2020-03-05,IL,5,
2020-03-05,MA,2,
2020-03-05,MD,0,
2020-03-05,MI,0,
2020-03-05,NC,1,
2020-03-05,NE,0,
2020-03-05,NH,2,
2020-03-05,NJ,1,
2020-03-05,NV,1,
2020-03-05,NY,22,
2020-03-05,OH,0,
2020-03-05,OR,3,
2020-03-05,SC,0,
2020-03-05,TN,1,
2020-03-05,TX,1,
2020-03-05,VA,0,
2020-03-05,WA,70,
2020-03-05,WI,1,
2020-03-04,AZ,2,
2020-03-04,CA,53,
2020-03-04,FL,2,
2020-03-04,GA,2,
2020-03-04,IL,4,
2020-03-04,MA,2,
2020-03-04,NC,1,
2020-03-04,NH,2,
2020-03-04,NY,6,
2020-03-04,OR,3,
2020-03-04,SC,0,
2020-03-04,TX,1,
2020-03-04,WA,39,
2020-03-04,WI,1,
2020-04-26,AL,6421,219
2020-04-26,AK,340,9
2020-04-26,AS,0,0
2020-04-26,AZ,6534,275
2020-04-26,AR,3001,51
2020-04-26,CA,43558,1725
2020-04-26,CO,13441,688
2020-04-26,CT,25269,1924
2020-04-26,DE,4034,120
2020-04-26,DC,3841,178
2020-04-26,FL,31532,1075
2020-04-26,GA,23486,916
2020-04-26,GU,141,5
2020-04-26,HI,606,14
2020-04-26,ID,1897,56
2020-04-26,IL,43903,1933
2020-04-26,IN,15012,813
2020-04-26,IA,5476,118
2020-04-26,KS,3277,121
2020-04-26,KY,4085,208
2020-04-26,LA,26773,1729
2020-04-26,ME,1015,50
2020-04-26,MD,18581,910
2020-04-26,MA,54938,2899
2020-04-26,MI,37778,3315
2020-04-26,MN,3602,272
2020-04-26,MS,5911,227
2020-04-26,MO,7120,283
2020-04-26,MT,448,14
2020-04-26,NE,3028,56
2020-04-26,NV,4734,206
2020-04-26,NH,1864,60
2020-04-26,NJ,109038,5938
2020-04-26,NM,2726,99
2020-04-26,NY,288045,22269
2020-04-26,NC,8997,324
2020-04-26,ND,867,17
2020-04-26,MP,14,2
2020-04-26,OH,15972,728
2020-04-26,OK,3254,195
2020-04-26,OR,2311,92
2020-04-26,PA,42616,1816
2020-04-26,PR,1371,84
2020-04-26,RI,7439,226
2020-04-26,SC,5498,174
2020-04-26,SD,2212,11
2020-04-26,TN,9667,181
2020-04-26,TX,24967,651
2020-04-26,UT,4123,41
2020-04-26,VT,851,46
2020-04-26,VA,12970,449
2020-04-26,WA,13521,749
2020-04-26,WV,1055,34
2020-04-26,WI,5912,272
2020-04-26,WY,502,7
2020-04-27,AL,6539,228
2020-04-27,AK,345,9
2020-04-27,AS,0,0
2020-04-27,AZ,6725,275
2020-04-27,AR,3069,51
2020-04-27,CA,44966,1779
2020-04-27,CO,13879,706
2020-04-27,CT,25997,2012
2020-04-27,DE,4162,125
2020-04-27,DC,3892,185
2020-04-27,FL,32138,1088
2020-04-27,GA,24302,995
2020-04-27,GU,141,5
2020-04-27,HI,607,16
2020-04-27,ID,1897,56
2020-04-27,IL,45883,1983
2020-04-27,IN,15961,844
2020-04-27,IA,5868,127
2020-04-27,KS,3473,126
2020-04-27,KY,4156,213
2020-04-27,LA,27068,1740
2020-04-27,ME,1023,51
2020-04-27,MD,19487,945
2020-04-27,MA,56462,3003
2020-04-27,MI,38210,3407
2020-04-27,MN,3811,286
2020-04-27,MS,6094,229
2020-04-27,MO,7305,343
2020-04-27,MT,449,14
2020-04-27,NE,3358,56
2020-04-27,NV,4700,206
2020-04-27,NH,1938,60
2020-04-27,NJ,111188,6044
2020-04-27,NM,2825,99
2020-04-27,NY,291996,22668
2020-04-27,NC,9428,340
2020-04-27,ND,942,19
2020-04-27,MP,14,2
2020-04-27,OH,16325,753
2020-04-27,OK,3281,197
2020-04-27,OR,2354,92
2020-04-27,PA,43558,1886
2020-04-27,PR,1389,84
2020-04-27,RI,7708,233
2020-04-27,SC,5613,177
2020-04-27,SD,2244,11
2020-04-27,TN,9918,184
2020-04-27,TX,25321,666
2020-04-27,UT,4236,41
2020-04-27,VT,855,47
2020-04-27,VA,13538,460
2020-04-27,WA,13686,764
2020-04-27,WV,1063,34
2020-04-27,WI,6081,281
2020-04-27,WY,520,7
2020-04-28,AL,6750,242
2020-04-28,AK,351,9
2020-04-28,AS,0,0
2020-04-28,AZ,6955,275
2020-04-28,AR,3127,57
2020-04-28,CA,46164,1864
2020-04-28,CO,14316,736
2020-04-28,CT,26312,2087
2020-04-28,DE,4575,137
2020-04-28,DC,3994,190
2020-04-28,FL,32848,1171
2020-04-28,GA,24922,1036
2020-04-28,GU,141,5
2020-04-28,HI,609,16
2020-04-28,ID,1952,60
2020-04-28,IL,48102,2125
2020-04-28,IN,16588,901
2020-04-28,IA,6376,136
2020-04-28,KS,3652,127
2020-04-28,KY,4375,225
2020-04-28,LA,27286,1801
2020-04-28,ME,1040,51
2020-04-28,MD,20113,1016
2020-04-28,MA,58302,3153
2020-04-28,MI,39262,3568
2020-04-28,MN,4181,301
2020-04-28,MS,6342,239
2020-04-28,MO,7450,330
2020-04-28,MT,451,15
2020-04-28,NE,3517,56
2020-04-28,NV,4821,219
2020-04-28,NH,2010,60
2020-04-28,NJ,113856,6442
2020-04-28,NM,2974,105
2020-04-28,NY,295106,22912
2020-04-28,NC,9755,363
2020-04-28,ND,991,19
2020-04-28,MP,14,2
2020-04-28,OH,16769,799
2020-04-28,OK,3410,207
2020-04-28,OR,2385,99
2020-04-28,PA,45137,2046
2020-04-28,PR,1400,86
2020-04-28,RI,7927,239
2020-04-28,SC,5735,192
2020-04-28,SD,2313,11
2020-04-28,TN,10052,188
2020-04-28,TX,26357,719
2020-04-28,UT,4345,41
2020-04-28,VT,862,47
2020-04-28,VA,14339,492
2020-04-28,WA,13842,786
2020-04-28,WV,1095,38
2020-04-28,WI,6289,300
2020-04-28,WY,536,7
2020-05-02,AL,7611,288
2020-05-02,AK,365,9
2020-05-02,AS,0,0
2020-05-02,AZ,8364,330
2020-05-02,AR,3372,72
2020-05-02,CA,53347,2180
2020-05-02,CO,16225,832
2020-05-02,CT,29287,2436
2020-05-02,DE,5038,168
2020-05-02,DC,4797,240
2020-05-02,FL,35463,1364
2020-05-02,GA,28331,1177
2020-05-02,GU,145,5
2020-05-02,HI,620,16
2020-05-02,ID,2061,64
2020-05-02,IL,58505,2559
2020-05-02,IN,19295,1115
2020-05-02,IA,8643,175
2020-05-02,KS,4885,142
2020-05-02,KY,4879,248
2020-05-02,LA,29140,1993
2020-05-02,ME,1153,56
2020-05-02,MD,24473,1251
2020-05-02,MA,66263,3846
2020-05-02,MI,43207,4021
2020-05-02,MN,6232,394
2020-05-02,MS,7441,291
2020-05-02,MO,8356,376
2020-05-02,MT,455,16
2020-05-02,NE,5317,73
2020-05-02,NV,5389,255
2020-05-02,NH,2429,84
2020-05-02,NJ,123717,7742
2020-05-02,NM,3732,138
2020-05-02,NY,312977,24198
2020-05-02,NC,11588,431
2020-05-02,ND,1153,24
2020-05-02,MP,14,2
2020-05-02,OH,19335,1022
2020-05-02,OK,3851,238
2020-05-02,OR,2635,109
2020-05-02,PA,50494,2695
2020-05-02,PR,1757,95
2020-05-02,RI,9289,296
2020-05-02,SC,6489,267
2020-05-02,SD,2588,21
2020-05-02,TN,12661,209
2020-05-02,TX,30917,863
2020-05-02,UT,4985,49
2020-05-02,VT,886,51
2020-05-02,VA,17738,617
2020-05-02,WA,15003,830
2020-05-02,WV,1185,48
2020-05-02,WI,7660,334
2020-05-02,WY,579,7
2020-04-29,AL,6912,256
2020-04-29,AK,355,9
2020-04-29,AS,0,0
2020-04-29,AZ,7209,308
2020-04-29,AR,3193,57
2020-04-29,CA,48747,1946
2020-04-29,CO,14758,766
2020-04-29,CT,26767,2169
2020-04-29,DE,4655,144
2020-04-29,DC,4106,205
2020-04-29,FL,33193,1218
2020-04-29,GA,25775,1101
2020-04-29,GU,141,5
2020-04-29,HI,613,16
2020-04-29,ID,1952,60
2020-04-29,IL,50358,2215
2020-04-29,IN,17182,964
2020-04-29,IA,6843,148
2020-04-29,KS,3839,134
2020-04-29,KY,4537,234
2020-04-29,LA,27660,1845
2020-04-29,ME,1056,52
2020-04-29,MD,20849,1078
2020-04-29,MA,60265,3405
2020-04-29,MI,40399,3670
2020-04-29,MN,4644,319
2020-04-29,MS,6569,250
2020-04-29,MO,7660,338
2020-04-29,MT,451,16
2020-04-29,NE,3851,56
2020-04-29,NV,4934,230
2020-04-29,NH,2058,60
2020-04-29,NJ,116365,6771
2020-04-29,NM,3213,112
2020-04-29,NY,299691,23477
2020-04-29,NC,10180,382
2020-04-29,ND,1033,19
2020-04-29,MP,14,2
2020-04-29,OH,17303,937
2020-04-29,OK,3473,214
2020-04-29,OR,2446,101
2020-04-29,PA,46327,2373
2020-04-29,PR,1433,86
2020-04-29,RI,8247,251
2020-04-29,SC,5882,231
2020-04-29,SD,2373,13
2020-04-29,TN,10366,195
2020-04-29,TX,27257,754
2020-04-29,UT,4497,45
2020-04-29,VT,862,47
2020-04-29,VA,14962,522
2020-04-29,WA,14070,801
2020-04-29,WV,1110,38
2020-04-29,WI,6520,308
2020-04-29,WY,545,7
2020-04-30,AL,7088,272
2020-04-30,AK,355,9
2020-04-30,AS,0,0
2020-04-30,AZ,7655,320
2020-04-30,AR,3281,61
2020-04-30,CA,50130,2031
2020-04-30,CO,15284,777
2020-04-30,CT,27700,2257
2020-04-30,DE,4734,152
2020-04-30,DC,4323,224
2020-04-30,FL,33690,1268
2020-04-30,GA,26264,1132
2020-04-30,GU,145,5
2020-04-30,HI,618,16
2020-04-30,ID,1984,60
2020-04-30,IL,52918,2355
2020-04-30,IN,17835,1114
2020-04-30,IA,7145,162
2020-04-30,KS,4413,134
2020-04-30,KY,4708,240
2020-04-30,LA,28001,1905
2020-04-30,ME,1095,53
2020-04-30,MD,21742,1140
2020-04-30,MA,62205,3562
2020-04-30,MI,41379,3789
2020-04-30,MN,5136,343
2020-04-30,MS,6815,261
2020-04-30,MO,7818,350
2020-04-30,MT,453,16
2020-04-30,NE,4281,70
2020-04-30,NV,5053,243
2020-04-30,NH,2146,72
2020-04-30,NJ,118652,7228
2020-04-30,NM,3411,123
2020-04-30,NY,304372,23587
2020-04-30,NC,10754,406
2020-04-30,ND,1067,19
2020-04-30,MP,14,2
2020-04-30,OH,18027,976
2020-04-30,OK,3618,222
2020-04-30,OR,2510,103
2020-04-30,PA,47971,2475
2020-04-30,PR,1539,92
2020-04-30,RI,8621,266
2020-04-30,SC,6095,244
2020-04-30,SD,2449,17
2020-04-30,TN,10735,199
2020-04-30,TX,28727,812
2020-04-30,UT,4672,46
2020-04-30,VT,866,49
2020-04-30,VA,15847,552
2020-04-30,WA,14327,814
2020-04-30,WV,1125,41
2020-04-30,WI,6854,316
2020-04-30,WY,559,7
2020-05-01,AL,7294,289
2020-05-01,AK,364,9
2020-05-01,AS,0,0
2020-05-01,AZ,7969,330
2020-05-01,AR,3337,64
2020-05-01,CA,52026,2126
2020-05-01,CO,15793,821
2020-05-01,CT,28764,2339
2020-05-01,DE,4918,159
2020-05-01,DC,4658,231
2020-05-01,FL,34728,1314
2020-05-01,GA,27489,1169
2020-05-01,GU,145,5
2020-05-01,HI,619,16
2020-05-01,ID,2015,63
2020-05-01,IL,56055,2457
2020-05-01,IN,18630,1175
2020-05-01,IA,7884,170
2020-05-01,KS,4634,140
2020-05-01,KY,4882,246
2020-05-01,LA,28711,1970
2020-05-01,ME,1123,55
2020-05-01,MD,23472,1080
2020-05-01,MA,64311,3716
2020-05-01,MI,42356,3866
2020-05-01,MN,5730,370
2020-05-01,MS,7212,281
2020-05-01,MO,8067,360
2020-05-01,MT,453,16
2020-05-01,NE,5008,73
2020-05-01,NV,5248,246
2020-05-01,NH,2310,81
2020-05-01,NJ,121190,7538
2020-05-01,NM,3513,131
2020-05-01,NY,308314,24039
2020-05-01,NC,11070,419
2020-05-01,ND,1107,23
2020-05-01,MP,14,2
2020-05-01,OH,18743,1003
2020-05-01,OK,3748,230
2020-05-01,OR,2579,104
2020-05-01,PA,49579,2635
2020-05-01,PR,1575,94
2020-05-01,RI,8962,279
2020-05-01,SC,6258,256
2020-05-01,SD,2525,21
2020-05-01,TN,11891,204
2020-05-01,TX,29692,840
2020-05-01,UT,4828,46
2020-05-01,VT,879,50
2020-05-01,VA,16902,581
2020-05-01,WA,14637,824
2020-05-01,WV,1152,46
2020-05-01,WI,7314,327
2020-05-01,WY,566,7
2020-05-03,AL,7888,290
2020-05-03,AK,368,9
2020-05-03,AS,0,0
2020-05-03,AZ,8640,362
2020-05-03,AR,3437,76
2020-05-03,CA,54903,2216
2020-05-03,CO,16635,842
2020-05-03,CT,29287,2436
2020-05-03,DE,5208,177
2020-05-03,DC,5016,251
2020-05-03,FL,36078,1379
2020-05-03,GA,28665,1184
2020-05-03,GU,145,5
2020-05-03,HI,620,17
2020-05-03,ID,2061,64
2020-05-03,IL,61499,2618
2020-05-03,IN,19933,1132
2020-05-03,IA,9175,184
2020-05-03,KS,5156,144
2020-05-03,KY,5130,253
2020-05-03,LA,29340,2012
2020-05-03,ME,1185,57
2020-05-03,MD,25462,1281
2020-05-03,MA,68087,4004
2020-05-03,MI,43801,4053
2020-05-03,MN,6663,418
2020-05-03,MS,7550,303
2020-05-03,MO,8618,381
2020-05-03,MT,455,16
2020-05-03,NE,5661,78
2020-05-03,NV,5472,258
2020-05-03,NH,2518,86
2020-05-03,NJ,126744,7871
2020-05-03,NM,3850,151
2020-05-03,NY,316415,24708
2020-05-03,NC,11770,434
2020-05-03,ND,1191,25
2020-05-03,MP,14,2
2020-05-03,OH,19914,1039
2020-05-03,OK,3972,238
2020-05-03,OR,2680,109
2020-05-03,PA,51225,2720
2020-05-03,PR,1808,97
2020-05-03,RI,9477,320
2020-05-03,SC,6626,275
2020-05-03,SD,2631,21
2020-05-03,TN,13177,210
2020-05-03,TX,31998,878
2020-05-03,UT,5175,50
2020-05-03,VT,897,53
2020-05-03,VA,18672,660
2020-05-03,WA,15185,834
2020-05-03,WV,1195,48
2020-05-03,WI,7964,339
2020-05-03,WY,586,7
2020-05-04,AL,8112,298
2020-05-04,AK,370,9
2020-05-04,AS,0,0
2020-05-04,AZ,8924,362
2020-05-04,AR,3491,80
2020-05-04,CA,55884,2278
2020-05-04,CO,16918,851
2020-05-04,CT,29973,2556
2020-05-04,DE,5288,182
2020-05-04,DC,5170,258
2020-05-04,FL,36897,1399
2020-05-04,GA,29451,1246
2020-05-04,GU,145,5
2020-05-04,HI,621,17
2020-05-04,ID,2106,64
2020-05-04,IL,63777,2659
2020-05-04,IN,20507,1151
2020-05-04,IA,9703,188
2020-05-04,KS,5383,156
2020-05-04,KY,5245,261
2020-05-04,LA,29673,2064
2020-05-04,ME,1205,57
2020-05-04,MD,26408,1317
2020-05-04,MA,69087,4090
2020-05-04,MI,43990,4139
2020-05-04,MN,7234,427
2020-05-04,MS,7877,310
2020-05-04,MO,8946,386
2020-05-04,MT,457,16
2020-05-04,NE,6037,78
2020-05-04,NV,5630,265
2020-05-04,NH,2588,86
2020-05-04,NJ,128269,7910
2020-05-04,NM,4031,156
2020-05-04,NY,318953,24999
2020-05-04,NC,11971,442
2020-05-04,ND,1225,25
2020-05-04,MP,14,2
2020-05-04,OH,20474,1057
2020-05-04,OK,4044,238
2020-05-04,OR,2759,109
2020-05-04,PA,52816,2838
2020-05-04,PR,1843,97
2020-05-04,RI,9652,341
2020-05-04,SC,6757,283
2020-05-04,SD,2668,21
2020-05-04,TN,13571,219
2020-05-04,TX,32783,901
2020-05-04,UT,5317,50
2020-05-04,VT,902,52
2020-05-04,VA,19493,684
2020-05-04,WA,15462,841
2020-05-04,WV,1224,48
2020-05-04,WI,8236,340
2020-05-04,WY,596,7
2020-05-05,AL,8437,315
2020-05-05,AK,371,9
2020-05-05,AS,0,0
2020-05-05,AZ,9305,395
2020-05-05,AR,3525,83
2020-05-05,CA,58456,2381
2020-05-05,CO,17367,903
2020-05-05,CT,30621,2633
2020-05-05,DE,5371,187
2020-05-05,DC,5322,264
2020-05-05,FL,37439,1471
2020-05-05,GA,29998,1299
2020-05-05,GU,145,5
2020-05-05,HI,625,17
2020-05-05,ID,2127,65
2020-05-05,IL,65889,2834
2020-05-05,IN,21033,1211
2020-05-05,IA,10111,207
2020-05-05,KS,5648,161
2020-05-05,KY,5822,275
2020-05-05,LA,29996,2115
2020-05-05,ME,1226,61
2020-05-05,MD,27117,1390
2020-05-05,MA,70271,4212
2020-05-05,MI,44451,4183
2020-05-05,MN,7851,455
2020-05-05,MS,8207,342
2020-05-05,MO,9121,409
2020-05-05,MT,456,16
2020-05-05,NE,6373,78
2020-05-05,NV,5660,270
2020-05-05,NH,2636,92
2020-05-05,NJ,130593,8244
2020-05-05,NM,4138,162
2020-05-05,NY,321192,25124
2020-05-05,NC,12510,472
2020-05-05,ND,1266,25
2020-05-05,MP,14,2
2020-05-05,OH,20969,1135
2020-05-05,OK,4127,247
2020-05-05,OR,2839,113
2020-05-05,PA,53864,3179
2020-05-05,PR,1924,99
2020-05-05,RI,9933,355
2020-05-05,SC,6841,296
2020-05-05,SD,2721,24
2020-05-05,TN,13690,226
2020-05-05,TX,33912,925
2020-05-05,UT,5449,56
2020-05-05,VT,907,52
2020-05-05,VA,20257,713
2020-05-05,WA,15594,862
2020-05-05,WV,1246,48
2020-05-05,WI,8566,353
2020-05-05,WY,604,7
2020-05-06,AL,8691,343
2020-05-06,AK,372,10
2020-05-06,AS,0,0
2020-05-06,AZ,9707,426
2020-05-06,AR,3611,87
2020-05-06,CA,60616,2464
2020-05-06,CO,17832,919
2020-05-06,CT,30995,2718
2020-05-06,DE,5778,193
2020-05-06,DC,5461,277
2020-05-06,FL,38002,1539
2020-05-06,GA,30743,1327
2020-05-06,GU,149,5
2020-05-06,HI,626,17
2020-05-06,ID,2158,66
2020-05-06,IL,68232,2974
2020-05-06,IN,21870,1377
2020-05-06,IA,10404,219
2020-05-06,KS,5993,164
2020-05-06,KY,5934,283
2020-05-06,LA,30399,2167
2020-05-06,ME,1254,62
2020-05-06,MD,28163,1437
2020-05-06,MA,72025,4420
2020-05-06,MI,45179,4256
2020-05-06,MN,8579,485
2020-05-06,MS,8424,374
2020-05-06,MO,9323,428
2020-05-06,MT,456,16
2020-05-06,NE,6689,78
2020-05-06,NV,5741,289
2020-05-06,NH,2741,92
2020-05-06,NJ,131890,8549
2020-05-06,NM,4291,169
2020-05-06,NY,323978,25623
2020-05-06,NC,13053,492
2020-05-06,ND,1323,31
2020-05-06,MP,15,2
2020-05-06,OH,21576,1225
2020-05-06,OK,4202,253
2020-05-06,OR,2916,115
2020-05-06,PA,54800,3345
2020-05-06,PR,1968,99
2020-05-06,RI,10205,370
2020-05-06,SC,6936,305
2020-05-06,SD,2780,29
2020-05-06,TN,13938,239
2020-05-06,TX,34928,954
2020-05-06,UT,5595,58
2020-05-06,VT,908,52
2020-05-06,VA,20257,713
2020-05-06,WA,15905,870
2020-05-06,WV,1242,50
2020-05-06,WI,8901,362
2020-05-06,WY,631,7
2020-05-07,AL,9046,369
2020-05-07,AK,374,10
2020-05-07,AS,0,0
2020-05-07,AZ,9945,450
2020-05-07,AR,3703,87
2020-05-07,CA,62148,2535
2020-05-07,CO,18370,944
2020-05-07,CT,31784,2797
2020-05-07,DE,5939,202
2020-05-07,DC,5654,285
2020-05-07,FL,38828,1600
2020-05-07,GA,31618,1355
2020-05-07,GU,149,5
2020-05-07,HI,629,17
2020-05-07,ID,2178,67
2020-05-07,IL,70871,3111
2020-05-07,IN,22503,1414
2020-05-07,IA,11059,231
2020-05-07,KS,6332,165
2020-05-07,KY,6129,294
2020-05-07,LA,30652,2208
2020-05-07,ME,1330,62
2020-05-07,MD,29374,1503
2020-05-07,MA,73721,4552
2020-05-07,MI,45745,4345
2020-05-07,MN,9365,508
2020-05-07,MS,8686,396
2020-05-07,MO,9581,449
2020-05-07,MT,456,16
2020-05-07,NE,7334,91
2020-05-07,NV,5855,297
2020-05-07,NH,2843,114
2020-05-07,NJ,133991,8807
2020-05-07,NM,4493,172
2020-05-07,NY,327469,26144
2020-05-07,NC,13540,513
2020-05-07,ND,1371,31
2020-05-07,MP,15,2
2020-05-07,OH,22131,1271
2020-05-07,OK,4330,260
2020-05-07,OR,2989,121
2020-05-07,PA,55956,3589
2020-05-07,PR,2031,102
2020-05-07,RI,10530,388
2020-05-07,SC,7142,316
2020-05-07,SD,2906,31
2020-05-07,TN,14096,238
2020-05-07,TX,36036,985
2020-05-07,UT,5724,61
2020-05-07,VT,916,53
2020-05-07,VA,21570,769
2020-05-07,WA,16231,891
2020-05-07,WV,1287,51
2020-05-07,WI,9215,374
2020-05-07,WY,635,7
2020-05-08,AL,9385,383
2020-05-08,AK,377,10
2020-05-08,AS,0,0
2020-05-08,AZ,10526,517
2020-05-08,AR,3747,88
2020-05-08,CA,63779,2613
2020-05-08,CO,18827,960
2020-05-08,CT,32411,2874
2020-05-08,DE,6111,213
2020-05-08,DC,5899,304
2020-05-08,FL,39199,1669
2020-05-08,GA,32181,1400
2020-05-08,GU,151,5
2020-05-08,HI,629,17
2020-05-08,ID,2178,67
2020-05-08,IL,73760,3241
2020-05-08,IN,23146,1447
2020-05-08,IA,11457,243
2020-05-08,KS,6667,168
2020-05-08,KY,6288,298
2020-05-08,LA,30855,2227
2020-05-08,ME,1374,63
2020-05-08,MD,30485,1560
2020-05-08,MA,75333,4702
2020-05-08,MI,46386,4399
2020-05-08,MN,10088,534
2020-05-08,MS,9090,409
2020-05-08,MO,9733,483
2020-05-08,MT,458,16
2020-05-08,NE,7818,90
2020-05-08,NV,5920,294
2020-05-08,NH,2947,121
2020-05-08,NJ,135840,8960
2020-05-08,NM,4673,181
2020-05-08,NY,330407,26243
2020-05-08,NC,14006,530
2020-05-08,ND,1425,33
2020-05-08,MP,15,2
2020-05-08,OH,23016,1306
2020-05-08,OK,4424,266
2020-05-08,OR,3068,124
2020-05-08,PA,57371,3715
2020-05-08,PR,2156,107
2020-05-08,RI,10779,399
2020-05-08,SC,7367,320
2020-05-08,SD,3145,31
2020-05-08,TN,14441,242
2020-05-08,TX,37246,1025
2020-05-08,UT,5919,61
2020-05-08,VT,919,53
2020-05-08,VA,22342,812
2020-05-08,WA,16388,905
2020-05-08,WV,1323,52
2020-05-08,WI,9590,384
2020-05-08,WY,644,7
2020-05-09,AL,9668,390
2020-05-09,AK,378,10
2020-05-09,AS,0,0
2020-05-09,AZ,10960,532
2020-05-09,AR,3747,88
2020-05-09,CA,66558,2687
2020-05-09,CO,19375,967
2020-05-09,CT,32984,2932
2020-05-09,DE,6277,221
2020-05-09,DC,6102,311
2020-05-09,FL,40001,1715
2020-05-09,GA,32588,1403
2020-05-09,GU,151,5
2020-05-09,HI,631,17
2020-05-09,ID,2205,67
2020-05-09,IL,76085,3349
2020-05-09,IN,23732,1490
2020-05-09,IA,11671,252
2020-05-09,KS,6829,174
2020-05-09,KY,6440,304
2020-05-09,LA,31417,2267
2020-05-09,ME,1408,64
2020-05-09,MD,31534,1614
2020-05-09,MA,76743,4840
2020-05-09,MI,46815,4530
2020-05-09,MN,10790,558
2020-05-09,MS,9378,421
2020-05-09,MO,9911,494
2020-05-09,MT,458,16
2020-05-09,NE,8093,90
2020-05-09,NV,6171,313
2020-05-09,NH,3011,131
2020-05-09,NJ,137397,9116
2020-05-09,NM,4778,191
2020-05-09,NY,333122,26612
2020-05-09,NC,14478,551
2020-05-09,ND,1464,35
2020-05-09,MP,16,2
2020-05-09,OH,23697,1331
2020-05-09,OK,4490,270
2020-05-09,OR,3160,127
2020-05-09,PA,58560,3779
2020-05-09,PR,2173,108
2020-05-09,RI,10989,418
2020-05-09,SC,7531,330
2020-05-09,SD,3393,34
2020-05-09,TN,14768,242
2020-05-09,TX,38394,1066
2020-05-09,UT,6103,66
2020-05-09,VT,921,53
2020-05-09,VA,23196,827
2020-05-09,WA,16674,921
2020-05-09,WV,1323,52
2020-05-09,WI,9939,398
2020-05-09,WY,653,7
2020-05-10,AL,9889,393
2020-05-10,AK,379,10
2020-05-10,AS,0,0
2020-05-10,AZ,11119,536
2020-05-10,AR,4012,91
2020-05-10,CA,67600,2716
2020-05-10,CO,19703,971
2020-05-10,CT,33554,2967
2020-05-10,DE,6277,221
2020-05-10,DC,6272,323
2020-05-10,FL,40596,1721
2020-05-10,GA,33580,1406
2020-05-10,GU,151,5
2020-05-10,HI,632,17
2020-05-10,ID,2230,67
2020-05-10,IL,77741,3406
2020-05-10,IN,24126,1508
2020-05-10,IA,11959,265
2020-05-10,KS,6951,174
2020-05-10,KY,6440,304
2020-05-10,LA,31600,2286
2020-05-10,ME,1436,64
2020-05-10,MD,32587,1644
2020-05-10,MA,77793,4979
2020-05-10,MI,47182,4555
2020-05-10,MN,11271,578
2020-05-10,MS,9501,430
2020-05-10,MO,10068,503
2020-05-10,MT,458,16
2020-05-10,NE,8171,90
2020-05-10,NV,6120,310
2020-05-10,NH,3071,133
2020-05-10,NJ,138754,9256
2020-05-10,NM,4863,200
2020-05-10,NY,335395,26641
2020-05-10,NC,14938,564
2020-05-10,ND,1491,35
2020-05-10,MP,16,2
2020-05-10,OH,24081,1341
2020-05-10,OK,4589,272
2020-05-10,OR,3228,127
2020-05-10,PA,59939,3806
2020-05-10,PR,2198,111
2020-05-10,RI,11274,422
2020-05-10,SC,7653,331
2020-05-10,SD,3517,34
2020-05-10,TN,14985,243
2020-05-10,TX,39258,1094
2020-05-10,UT,6251,67
2020-05-10,VT,927,53
2020-05-10,VA,24081,839
2020-05-10,WA,16891,931
2020-05-10,WV,1360,54
2020-05-10,WI,10219,400
2020-05-10,WY,662,7
2020-05-11,AL,10164,403
2020-05-11,AK,379,10
2020-05-11,AS,0,0
2020-05-11,AZ,11383,542
2020-05-11,AR,4043,94
2020-05-11,CA,69329,2779
2020-05-11,CO,19879,987
2020-05-11,CT,33765,3008
2020-05-11,DE,6565,225
2020-05-11,DC,6389,328
2020-05-11,FL,40982,1735
2020-05-11,GA,34002,1444
2020-05-11,GU,151,5
2020-05-11,HI,634,17
2020-05-11,ID,2260,70
2020-05-11,IL,79007,3459
2020-05-11,IN,24627,1540
2020-05-11,IA,12373,271
2020-05-11,KS,7159,180
2020-05-11,KY,6677,311
2020-05-11,LA,31815,2308
2020-05-11,ME,1462,65
2020-05-11,MD,33373,1683
2020-05-11,MA,78462,5108
2020-05-11,MI,47552,4584
2020-05-11,MN,11799,591
2020-05-11,MS,9674,435
2020-05-11,MO,10157,514
2020-05-11,MT,459,16
2020-05-11,NE,8407,98
2020-05-11,NV,6152,312
2020-05-11,NH,3160,133
2020-05-11,NJ,140206,9340
2020-05-11,NM,5069,208
2020-05-11,NY,337055,26988
2020-05-11,NC,15274,575
2020-05-11,ND,1518,36
2020-05-11,MP,19,2
2020-05-11,OH,24777,1357
2020-05-11,OK,4613,274
2020-05-11,OR,3286,130
2020-05-11,PA,60459,3832
2020-05-11,PR,2256,113
2020-05-11,RI,11450,430
2020-05-11,SC,7792,346
2020-05-11,SD,3614,34
2020-05-11,TN,15544,251
2020-05-11,TX,40555,1117
2020-05-11,UT,6362,68
2020-05-11,VT,926,53
2020-05-11,VA,25070,850
2020-05-11,WA,17122,945
2020-05-11,WV,1366,54
2020-05-11,WI,10418,409
2020-05-11,WY,669,7
2020-05-13,AL,10700,450
2020-05-13,AK,383,10
2020-05-13,AS,0,0
2020-05-13,AZ,12216,595
2020-05-13,AR,4236,97
2020-05-13,CA,72798,2957
2020-05-13,CO,20475,1062
2020-05-13,CT,34855,3125
2020-05-13,DE,6952,247
2020-05-13,DC,6584,350
2020-05-13,FL,42402,1827
2020-05-13,GA,35427,1517
2020-05-13,GU,152,5
2020-05-13,HI,638,17
2020-05-13,ID,2293,69
2020-05-13,IL,84694,3792
2020-05-13,IN,25473,1619
2020-05-13,IA,13289,306
2020-05-13,KS,7518,188
2020-05-13,KY,6853,321
2020-05-13,LA,32662,2381
2020-05-13,ME,1515,66
2020-05-13,MD,34812,1809
2020-05-13,MA,80497,5315
2020-05-13,MI,48391,4714
2020-05-13,MN,12917,638
2020-05-13,MS,10090,465
2020-05-13,MO,10404,551
2020-05-13,MT,462,16
2020-05-13,NE,8912,103
2020-05-13,NV,6476,331
2020-05-13,NH,3299,150
2020-05-13,NJ,141560,9714
2020-05-13,NM,5364,231
2020-05-13,NY,340661,27477
2020-05-13,NC,16352,625
2020-05-13,ND,1647,40
2020-05-13,MP,19,2
2020-05-13,OH,25721,1483
2020-05-13,OK,4858,278
2020-05-13,OR,3416,134
2020-05-13,PA,62101,4094
2020-05-13,PR,2329,115
2020-05-13,RI,11835,462
2020-05-13,SC,8030,362
2020-05-13,SD,3732,39
2020-05-13,TN,16370,273
2020-05-13,TX,43020,1172
2020-05-13,UT,6620,75
2020-05-13,VT,929,53
2020-05-13,VA,26746,928
2020-05-13,WA,17512,974
2020-05-13,WV,1398,58
2020-05-13,WI,10902,421
2020-05-13,WY,688,7
2020-05-14,AL,11101,473
2020-05-14,AK,383,10
2020-05-14,AS,0,0
2020-05-14,AZ,12674,624
2020-05-14,AR,4366,98
2020-05-14,CA,74871,3052
2020-05-14,CO,20838,1086
2020-05-14,CT,35464,3219
2020-05-14,DE,7223,260
2020-05-14,DC,6736,358
2020-05-14,FL,43210,1875
2020-05-14,GA,35977,1545
2020-05-14,GU,152,5
2020-05-14,HI,637,17
2020-05-14,ID,2351,72
2020-05-14,IL,87937,3928
2020-05-14,IN,26053,1646
2020-05-14,IA,13675,318
2020-05-14,KS,7705,189
2020-05-14,KY,7225,328
2020-05-14,LA,33489,2417
2020-05-14,ME,1565,69
2020-05-14,MD,35903,1866
2020-05-14,MA,82182,5482
2020-05-14,MI,49582,4787
2020-05-14,MN,13435,672
2020-05-14,MS,10483,480
2020-05-14,MO,10594,566
2020-05-14,MT,462,16
2020-05-14,NE,9260,103
2020-05-14,NV,6504,333
2020-05-14,NH,3382,151
2020-05-14,NJ,142704,9946
2020-05-14,NM,5503,242
2020-05-14,NY,343051,27641
2020-05-14,NC,16968,641
2020-05-14,ND,1712,40
2020-05-14,MP,19,2
2020-05-14,OH,26357,1534
2020-05-14,OK,4963,284
2020-05-14,OR,3479,137
2020-05-14,PA,63105,4288
2020-05-14,PR,2427,117
2020-05-14,RI,12016,468
2020-05-14,SC,8189,371
2020-05-14,SD,3792,43
2020-05-14,TN,16699,287
2020-05-14,TX,44480,1235
2020-05-14,UT,6749,75
2020-05-14,VT,932,53
2020-05-14,VA,27813,956
2020-05-14,WA,17773,983
2020-05-14,WV,1427,60
2020-05-14,WI,11275,434
2020-05-14,WY,701,7
2020-05-15,AL,11373,483
2020-05-15,AK,388,10
2020-05-15,AS,0,0
2020-05-15,AZ,13169,651
2020-05-15,AR,4463,98
2020-05-15,CA,76693,3136
2020-05-15,CO,21232,1150
2020-05-15,CT,36085,3285
2020-05-15,DE,7373,271
2020-05-15,DC,6871,368
2020-05-15,FL,44138,1917
2020-05-15,GA,36772,1588
2020-05-15,GU,154,5
2020-05-15,HI,638,17
2020-05-15,ID,2351,72
2020-05-15,IL,90369,4059
2020-05-15,IN,26656,1691
2020-05-15,IA,14049,336
2020-05-15,KS,7886,193
2020-05-15,KY,7444,332
2020-05-15,LA,33837,2448
2020-05-15,ME,1603,69
2020-05-15,MD,36986,1911
2020-05-15,MA,83421,5592
2020-05-15,MI,50079,4825
2020-05-15,MN,14240,692
2020-05-15,MS,10801,493
2020-05-15,MO,10766,581
2020-05-15,MT,466,16
2020-05-15,NE,9610,113
2020-05-15,NV,6733,343
2020-05-15,NH,3453,151
2020-05-15,NJ,143984,10148
2020-05-15,NM,5662,253
2020-05-15,NY,345813,27878
2020-05-15,NC,17494,667
2020-05-15,ND,1761,42
2020-05-15,MP,19,2
2020-05-15,OH,26954,1581
2020-05-15,OK,5087,285
2020-05-15,OR,3541,137
2020-05-15,PA,64136,4422
2020-05-15,PR,2542,122
2020-05-15,RI,12219,479
2020-05-15,SC,8407,380
2020-05-15,SD,3887,44
2020-05-15,TN,16960,290
2020-05-15,TX,45721,1280
2020-05-15,UT,6913,77
2020-05-15,VT,933,53
2020-05-15,VA,28672,978
2020-05-15,WA,17951,991
2020-05-15,WV,1447,64
2020-05-15,WI,11685,445
2020-05-15,WY,716,7
2020-05-16,AL,11674,485
2020-05-16,AK,388,10
2020-05-16,AS,0,0
2020-05-16,AZ,13666,679
2020-05-16,AR,4578,98
2020-05-16,CA,78725,3208
2020-05-16,CO,21633,1192
2020-05-16,CT,36703,3339
2020-05-16,DE,7547,286
2020-05-16,DC,7042,375
2020-05-16,FL,44811,1964
2020-05-16,GA,37212,1598
2020-05-16,GU,154,5
2020-05-16,HI,639,17
2020-05-16,ID,2419,73
2020-05-16,IL,92457,4129
2020-05-16,IN,27280,1741
2020-05-16,IA,14328,346
2020-05-16,KS,7939,195
2020-05-16,KY,7688,334
2020-05-16,LA,34117,2479
2020-05-16,ME,1648,70
2020-05-16,MD,37968,1957
2020-05-16,MA,84933,5705
2020-05-16,MI,50538,4881
2020-05-16,MN,14969,709
2020-05-16,MS,11123,510
2020-05-16,MO,10959,594
2020-05-16,MT,468,16
2020-05-16,NE,10220,123
2020-05-16,NV,6813,347
2020-05-16,NH,3556,171
2020-05-16,NJ,145089,10261
2020-05-16,NM,5847,259
2020-05-16,NY,348232,28049
2020-05-16,NC,18130,676
2020-05-16,ND,1848,42
2020-05-16,MP,21,2
2020-05-16,OH,27474,1610
2020-05-16,OK,5237,288
2020-05-16,OR,3612,137
2020-05-16,PA,65185,4480
2020-05-16,PR,2589,122
2020-05-16,RI,12434,489
2020-05-16,SC,8661,380
2020-05-16,SD,3959,44
2020-05-16,TN,17263,295
2020-05-16,TX,47452,1318
2020-05-16,UT,7068,78
2020-05-16,VT,934,53
2020-05-16,VA,29683,1003
2020-05-16,WA,18288,999
2020-05-16,WV,1470,64
2020-05-16,WI,12187,453
2020-05-16,WY,741,7
2020-05-17,AL,11771,488
2020-05-17,AK,388,10
2020-05-17,AS,0,0
2020-05-17,AZ,13945,680
2020-05-17,AR,4759,98
2020-05-17,CA,80166,3240
2020-05-17,CO,21938,1215
2020-05-17,CT,37419,3408
2020-05-17,DE,7670,290
2020-05-17,DC,7123,383
2020-05-17,FL,45588,1973
2020-05-17,GA,37579,1610
2020-05-17,GU,154,5
2020-05-17,HI,640,17
2020-05-17,ID,2419,73
2020-05-17,IL,94191,4177
2020-05-17,IN,27778,1751
2020-05-17,IA,14651,351
2020-05-17,KS,7953,195
2020-05-17,KY,7688,334
2020-05-17,LA,34432,2491
2020-05-17,ME,1687,70
2020-05-17,MD,38804,1992
2020-05-17,MA,86010,5797
2020-05-17,MI,51142,4891
2020-05-17,MN,15668,731
2020-05-17,MS,11296,521
2020-05-17,MO,11108,600
2020-05-17,MT,468,16
2020-05-17,NE,10177,123
2020-05-17,NV,6949,350
2020-05-17,NH,3596,172
2020-05-17,NJ,146504,10363
2020-05-17,NM,5938,265
2020-05-17,NY,350121,28232
2020-05-17,NC,18673,686
2020-05-17,ND,1900,43
2020-05-17,MP,21,2
2020-05-17,OH,27923,1625
2020-05-17,OK,5310,288
2020-05-17,OR,3623,137
2020-05-17,PA,65700,4495
2020-05-17,PR,2646,123
2020-05-17,RI,12674,499
2020-05-17,SC,8816,385
2020-05-17,SD,3987,44
2020-05-17,TN,17359,298
2020-05-17,TX,48396,1343
2020-05-17,UT,7238,80
2020-05-17,VT,940,54
2020-05-17,VA,30388,1010
2020-05-17,WA,18433,1001
2020-05-17,WV,1492,67
2020-05-17,WI,12543,453
2020-05-17,WY,754,8
2020-05-18,AL,12086,489
2020-05-18,AK,388,10
2020-05-18,AS,0,0
2020-05-18,AZ,14208,687
2020-05-18,AR,4813,100
2020-05-18,CA,81457,3279
2020-05-18,CO,22202,1224
2020-05-18,CT,38116,3450
2020-05-18,DE,7869,297
2020-05-18,DC,7270,392
2020-05-18,FL,46442,1997
2020-05-18,GA,38283,1649
2020-05-18,GU,154,5
2020-05-18,HI,640,17
2020-05-18,ID,2455,74
2020-05-18,IL,96485,4234
2020-05-18,IN,28255,1765
2020-05-18,IA,14955,355
2020-05-18,KS,8303,198
2020-05-18,KY,7935,346
2020-05-18,LA,34709,2563
2020-05-18,ME,1713,71
2020-05-18,MD,39762,2023
2020-05-18,MA,87052,5862
2020-05-18,MI,51915,4915
2020-05-18,MN,16372,740
2020-05-18,MS,11432,527
2020-05-18,MO,11242,611
2020-05-18,MT,470,16
2020-05-18,NE,10625,123
2020-05-18,NV,7061,358
2020-05-18,NH,3652,172
2020-05-18,NJ,148240,10439
2020-05-18,NM,6096,270
2020-05-18,NY,351371,28339
2020-05-18,NC,19207,693
2020-05-18,ND,1931,44
2020-05-18,MP,21,2
2020-05-18,OH,28454,1657
2020-05-18,OK,5398,288
2020-05-18,OR,3687,138
2020-05-18,PA,66669,4515
2020-05-18,PR,2710,124
2020-05-18,RI,12795,506
2020-05-18,SC,8942,391
2020-05-18,SD,4027,44
2020-05-18,TN,18011,301
2020-05-18,TX,49177,1350
2020-05-18,UT,7384,80
2020-05-18,VT,940,54
2020-05-18,VA,31140,1015
2020-05-18,WA,18611,1002
2020-05-18,WV,1502,68
2020-05-18,WI,12687,459
2020-05-18,WY,766,10
2020-05-19,AL,12376,504
2020-05-19,AK,400,10
2020-05-19,AS,0,0
2020-05-19,AZ,14576,705
2020-05-19,AR,4923,102
2020-05-19,CA,83752,3403
2020-05-19,CO,22482,1257
2020-05-19,CT,38430,3472
2020-05-19,DE,8037,304
2020-05-19,DC,7434,400
2020-05-19,FL,46944,2052
2020-05-19,GA,38855,1675
2020-05-19,GU,154,5
2020-05-19,HI,641,17
2020-05-19,ID,2455,74
2020-05-19,IL,98030,4379
2020-05-19,IN,28705,1824
2020-05-19,IA,15296,367
2020-05-19,KS,8353,199
2020-05-19,KY,8069,366
2020-05-19,LA,35038,2581
2020-05-19,ME,1741,73
2020-05-19,MD,41546,2081
2020-05-19,MA,87925,5938
2020-05-19,MI,52350,5017
2020-05-19,MN,17029,757
2020-05-19,MS,11704,554
2020-05-19,MO,11393,631
2020-05-19,MT,471,16
2020-05-19,NE,10854,123
2020-05-19,NV,7096,358
2020-05-19,NH,3721,172
2020-05-19,NJ,149356,10587
2020-05-19,NM,6192,276
2020-05-19,NY,352845,28558
2020-05-19,NC,19239,693
2020-05-19,ND,1994,45
2020-05-19,MP,21,2
2020-05-19,OH,28952,1720
2020-05-19,OK,5489,293
2020-05-19,OR,3726,140
2020-05-19,PA,67311,4628
2020-05-19,PR,2805,124
2020-05-19,RI,12951,532
2020-05-19,SC,9056,399
2020-05-19,SD,4085,46
2020-05-19,TN,18412,305
2020-05-19,TX,50552,1388
2020-05-19,UT,7518,88
2020-05-19,VT,944,54
2020-05-19,VA,32145,1042
2020-05-19,WA,18811,1031
2020-05-19,WV,1502,68
2020-05-19,WI,12885,467
2020-05-19,WY,776,10
2020-05-21,AL,13288,529
2020-05-21,AK,401,10
2020-05-21,AS,0,0
2020-05-21,AZ,15348,764
2020-05-21,AR,5458,110
2020-05-21,CA,88031,3583
2020-05-21,CO,23191,1310
2020-05-21,CT,39208,3583
2020-05-21,DE,8386,317
2020-05-21,DC,7788,412
2020-05-21,FL,48675,2144
2020-05-21,GA,40663,1775
2020-05-21,GU,165,5
2020-05-21,HI,647,17
2020-05-21,ID,2506,77
2020-05-21,IL,102688,4607
2020-05-21,IN,29936,1913
2020-05-21,IA,16170,410
2020-05-21,KS,8625,204
2020-05-21,KY,8286,386
2020-05-21,LA,36504,2629
2020-05-21,ME,1877,73
2020-05-21,MD,43531,2159
2020-05-21,MA,90084,6148
2020-05-21,MI,53510,5129
2020-05-21,MN,18200,818
2020-05-21,MS,12222,580
2020-05-21,MO,11689,668
2020-05-21,MT,479,16
2020-05-21,NE,11427,138
2020-05-21,NV,7400,383
2020-05-21,NH,3935,199
2020-05-21,NJ,151586,10846
2020-05-21,NM,6472,294
2020-05-21,NY,356458,28743
2020-05-21,NC,20512,728
2020-05-21,ND,2229,51
2020-05-21,MP,22,2
2020-05-21,OH,30167,1837
2020-05-21,OK,5680,304
2020-05-21,OR,3817,145
2020-05-21,PA,69252,4869
2020-05-21,PR,2913,126
2020-05-21,RI,13571,556
2020-05-21,SC,9381,416
2020-05-21,SD,4177,48
2020-05-21,TN,18961,313
2020-05-21,TX,53053,1460
2020-05-21,UT,7874,92
2020-05-21,VT,950,54
2020-05-21,VA,34137,1100
2020-05-21,WA,19117,1044
2020-05-21,WV,1593,70
2020-05-21,WI,13885,487
2020-05-21,WY,801,12
2020-05-24,AL,14478,551
2020-05-24,AK,407,10
2020-05-24,AS,0,0
2020-05-24,AZ,16377,801
2020-05-24,AR,5922,116
2020-05-24,CA,94020,3754
2020-05-24,CO,24174,1332
2020-05-24,CT,40468,3693
2020-05-24,DE,8809,326
2020-05-24,DC,8110,432
2020-05-24,FL,50867,2237
2020-05-24,GA,42902,1827
2020-05-24,GU,166,5
2020-05-24,HI,643,17
2020-05-24,ID,2626,79
2020-05-24,IL,110304,4856
2020-05-24,IN,31376,1976
2020-05-24,IA,17251,456
2020-05-24,KS,9004,205
2020-05-24,KY,8571,391
2020-05-24,LA,37169,2691
2020-05-24,ME,2055,78
2020-05-24,MD,46313,2277
2020-05-24,MA,92675,6372
2020-05-24,MI,54679,5228
2020-05-24,MN,20573,878
2020-05-24,MS,13260,625
2020-05-24,MO,12149,686
2020-05-24,MT,479,16
2020-05-24,NE,12134,147
2020-05-24,NV,7881,380
2020-05-24,NH,4149,209
2020-05-24,NJ,154154,11138
2020-05-24,NM,6943,317
2020-05-24,NY,361515,29141
2020-05-24,NC,23365,784
2020-05-24,ND,2418,53
2020-05-24,MP,22,2
2020-05-24,OH,31911,1969
2020-05-24,OK,6037,311
2020-05-24,OR,3927,148
2020-05-24,PA,71563,5136
2020-05-24,PR,3189,127
2020-05-24,RI,14065,608
2020-05-24,SC,10096,435
2020-05-24,SD,4563,50
2020-05-24,TN,20111,336
2020-05-24,TX,55861,1528
2020-05-24,UT,8392,97
2020-05-24,VT,956,54
2020-05-24,VA,36244,1171
2020-05-24,WA,19828,1061
2020-05-24,WV,1759,72
2020-05-24,WI,15277,510
2020-05-24,WY,838,12
